word	definition
ability	n. 能力；才能
above	prep. 在......上面；adj. 上面的；adv. 在......之上
abroad	adv. 到（在）国外
absent	adj. 缺席的；缺少的；心不在焉的；v. 使缺席
accent	n. 重音, 口音, 特点, 注重点；vt. 重读, 加重音号于, 强调
accept	v. 接受
accident	n. 事故；意外
achieve	v. 取得；获得；实现
action	n. 行动；行为；举动
active	adj. 积极的；主动的
activity	n. 活动
address	n. 地址；演讲；致辞；v. 演说；从事；忙于
advantage	n. 优点；好处；有利条件
advertisement	n. 广告
advice	n. 忠告；劝告；建议
advise	v. 建议；劝告；忠告
afford	v. 负担得起（......的费用）；抽得出（时间）；提供
against	prep. 对着；反对；倚靠
agree	v. 同意
agreement	n. 协议；同意；一致
airline	n. 航线, 航线的设备, 航空公司
airport	n. 航空站；飞机场
alive	adj. 活着的；存在的
allow	v. 允许；准许
almost	adv. 几乎；差不多
alone	adj. 单独的；孤独的
along	adv. 向前；和......一起；一同；prep. 沿着；顺着
aloud	adv. 大声地；出声地
although	conj. 虽然；尽管
ancient	n. 古代人；老人；adj. 古代的；古老的；过时的
animal	n. 动物
anyway	adv. 无论如何；不管怎样；总之
anywhere	adv. 任何地方
appear	v. 出现；显得；似乎
arrive	v. 到达；达到
article	n. 文章；物品；冠词
Asian	n. 亚洲人；a. 亚洲的, 亚洲人的
asleep	adj. 睡着的；熟睡
attention	n. 注意；关心
Australian	n. 澳大利亚人；a. 澳大利亚的, 澳洲的, 澳洲人的
available	adj. 可获得的；可购得的；可找到的
avoid	v. 避免；避开；躲避
awake	v. 唤醒；adj. 醒着的
background	n. 背景；隐蔽的位置；adj. 背景的；发布背景材料的；v. 作...的背景
balance	n. 平衡；余额；匀称；v. 使平衡；结算；使相称
balloon	n. 气球
baseball	n. 棒球
basic	n. 基础；要素；adj. 基本的；基础的
basket	n. 篮子
bathroom	n. 浴室；厕所；盥洗室
beach	n. 海滨；海滩
become	v. 变得；成为
bedroom	n. 寝室；卧室
begin	v. 开始；着手
behind	prep. （表示位置）在......后面；adv. 在后面；向后
believe	v. 相信；认为
below	prep. 在......下面
beside	prep. 在......旁边；靠近
besides	prep. 除......以外（还有）；adv. 还有；此外
beyond	prep. 超过；越过；那一边；n. 远处；adv. 在远处；在更远处
bicycle	n. 自行车
birth	n. 出生；诞生
biscuit	n. 小点心；饼干
bitter	a. 苦的, 痛苦的, 怀恨的；adv. 刺骨
blind	adj. 瞎的
blood	n. 血；血液；血统；v. 从...抽血；使先取得经验
board	n. 木板；布告牌；（政府的）部；v. 上（船、火车、飞机）
boring	adj. 乏味的；无聊的
borrow	v.（向别人）借用；借
bottle	n. 瓶子
bottom	n. 底部；底
brain	n. 脑（子）
brave	n. 勇士；adj. 勇敢的；华丽的；v. 勇敢地面对
break	n. 间隙；中断；暂停；v. 打破（断；碎）
breath	n. 呼吸；气息；一口气
breathe	v. 呼吸
bridge	n. 桥
bright	adj. 明亮的；聪明的
bring	v. 拿来；带来；取来
brother	n. 兄；弟
brush	v. 刷；擦；n. 刷子
build	v. 建筑；造
building	n. 建筑物；房屋；大楼
business	n.（本分）工作；职业；职责；生意；交易；事业
butter	n. 黄油；奶油
butterfly	n. 蝴蝶
camera	n. 照相机；摄像机
cancel	v. 取消；撤销；删去；n. 取消；撤销
cancer	n. 癌, 恶性肿瘤；癌
candle	n. 蜡烛
candy	n. 糖果
capital	n.首都；省会；大写；资本
captain	n.（海军）上校；船长；舰长；队长
careful	adj. 小心；仔细；谨慎的
carry	v. 拿；搬；带；提；抬；背；抱；运等
catch	v. 接住；捉住；赶上；染上（疾病）
cause	n. 原因；起因；v. 促使；引起；使发生
ceiling	n. 天花板；顶棚
celebrate	v. 庆祝
century	n. 世纪；百年
certain	adj. （未指明真实名称的）某......；确定的；无疑的；一定会......
chairman	n. 主席, 会长；主席
challenge	n.挑战（性）
chance	n. 机会；可能性
change	n. 零钱；找头；v. 改变；变化；更换；兑换
cheap	adj. 便宜的；贱
cheat	n. 欺骗；作弊；骗子；v. 欺骗；骗取；作弊
check	n. 检查；批改；v. 校对；核对；检查；批改
cheer	n. 欢呼；愉快；心情；v. 欢呼；使高兴；为...加油
cheese	n. 奶酪
chemistry	n. 化学
chest	n. 胸, 胸部, 衣柜, 箱子；胸, 胸廓
chocolate	n. 巧克力
choice	n. 选择；选择权；精选品；adj. 精选的；仔细推敲的
choose	v. 选择
Christmas	n. 圣诞节
church	n. 教堂, 礼拜, 教会；vt. 使人接受宗教仪式
circle	n./v. 圆；环绕
clear	adj. 清晰；明亮的；清楚的
clever	adj. 聪明的；伶俐的
climb	v. 爬；攀登
clock	n. 钟
coach	n. 教练；旅客车厢；长途公车；v. 训练；指导；作指导
coast	n. 海岸；滑坡；v. 沿...岸航行；滑行；沿岸航行
coffee	n. 咖啡
collect	v. 收集；搜集
college	n. 学院；专科学校
comfortable	adj. 舒服的；安逸的；舒服自在的
common	adj. 普通；一般；共有的
communicate	v. 交流；沟通
communication	n. 交流；沟通
community	n. 社区；群落；共同体
company	n. 公司
compare	v. 相比；匹敌；比较；n. 比较
competition	n. 比赛；竞赛
complete	adj. 完整的；完全的；彻底的；v. 完成
composition	n. 作文, 创作, 组成；成分; 组成
computer	n. 电子计算机
concert	n. 音乐会；演奏会
condition	n. 条件；情况；环境；v. 决定；使适应；使健康
conference	n. 会议；会议, 讨论会, 协商会
connect	v. 连接；把......联系起来
consider	v. 考虑；认为；细想
continue	v. 继续
control	n. 控制；管理；抑制；v. 控制；管理；抑制
conversation	n. 谈话；交谈
corner	n. 角；角落；拐角
correct	v. 改正；纠正；adj. 正确的；对的；恰当的
cotton	n. 棉花；vi. 和谐, 有好感, 理解
cough	n./v. 咳嗽
count	v. 数；点数
countryside	n. 乡下；农村
couple	n. 夫妇；一对
courage	n. 勇气；胆量
course	n. 过程；经过；课程
cousin	n. 堂（表）兄弟；堂（表）姐妹
cover	n. 盖子；罩；v. 覆盖；遮盖；掩盖
crazy	adj. 疯狂的；狂热的；着迷的
create	v. 创造；创作；造成
creative	adj. 创造性的
cross	adj. 脾气不好的；易怒的；n. 十字形的东西；v. 越过；穿过
cruel	adj. 残酷的；残忍的；使人痛苦的
culture	n. 文化
custom	n. 习惯；惯例；风俗；adj. （衣服等）定做的；定制的
daily	adj. 每日的；日常的；adv. 每天；n. 日报
danger	n. 危险；危险物；威胁
dangerous	adj. 危险的
daughter	n. 女儿
death	n. 死
decide	v. 决定；下决心
decision	n. 决定
degree	n. 程度；等级；度
delicious	adj. 美味的；可口的
depend	v. 依靠；依赖；指望；取决于
describe	v. 描写；叙述
develop	v.（使）发展；开发；v. 冲洗（照片）
development	n. 发展；开发；发育
dialogue	n. 对话
diary	n. 日记；日记簿
diet	n. 饮食；食物；规定饮食；v. 照规定饮食；节食
difference	n. 不同
different	adj. 不同的；有差异的
difficult	adj. 难；艰难；不易相处的
difficulty	n. 困难；费力
digital	a. 数字显示的, 数字的；n. 数字仪表, 数字式电子表(或时钟)
direct	adj. 直接的；直截了当的；v. 指挥；指导；导演（电影）
direction	n. 方向；方位
director	n. 所长；处长；主任；董事；导演
dirty	adj. 脏的
disappointed	a. 失望的
discover	v. 发现
discovery	n. 发现
discuss	v. 讨论；议论
discussion	n. 讨论
disease	n. 病；疾病
dismiss	vt. 解散, 开除, 解职；vi. 解散
distance	n. 距离；远方；疏远；v. 疏远；把...远远甩在后面
disturb	vt. 扰乱, 妨碍, 使不安；滋扰, 扰乱
divide	v. 分；划分
doctor	n. 医生；大夫；博士
double	adj. 两倍.双的；n. 两个.双
doubt	n. 怀疑；疑问；疑惑；v. 怀疑；不信；恐怕
downstairs	n. 楼下；a. 楼下的
dozen	n. 打, 十二个；a. 一打的
drawer	n. 抽屉, 开票人；抽屉
dream	n./v. 梦；梦想
drive	n. 驱动器；驾车；内驱力；v. 开车；猛击；飞跑
driver	n. 驾驶员；驱动程序；起子
during	prep. 在......期间；在......过程中
earth	n. 地球；土；泥；大地
education	n. 教育；培养
effort	n. 努力；成就
eighteen	num. 十八
eighth	num. 第八
eighty	num. 八十
elder	n. 长者；前辈
electric	a. 电的, 导电的, 电动的；电的
eleven	num. 十一
empty	adj. 空的
encourage	v. 鼓励
enemy	n. 敌人；敌军
energy	n. 能量；精力；活力
engineer	n. 工程师；技师
enjoy	v. 欣赏；享受乐趣；喜欢
enough	n. 足够；充足；adj. 足够；充分的；adv. 足够地；充分地
enter	v. 进入
environment	n.环境
especially	adv. 特别；尤其
European	n. 欧洲人；a. 欧洲的, 欧洲人的
everyday	adj. 每日的；日常的
everywhere	adv. 到处
examination	n. 考试, 测验, 审查；检查, 诊察
examine	v. 检查；诊察
example	n. 例子；榜样
excellent	adj. 极好的；优秀的
except	prep. 除......之外
excite	vt. 刺激, 使兴奋, 激励
excuse	n. 借口；辩解；v. 原谅；宽恕
exercise	n. 锻炼；做操；练习；习题；v. 锻炼
expect	v. 预料；盼望；认为
expensive	adj. 昂贵的
experience	n. 经历；经验；v. 经历
experiment	n. 实验
explain	v. 解释；说明
express	v. 表达；表示；表情；n. 快车；特快专递
factory	n. 工厂
famous	adj. 著名的
fantastic	n. 古怪的人；adj. 奇异的；空想的；异想天开的
farmer	n. 农民
feeling	n. 感情；感觉
festival	n. 节日
fetch	n. 取得, 拿, 诡计, 魂；vt. 接来, 取来, 售得, 带来, 推出, 引出, 杀死, 吸引, 到达
fever	n. 发烧；发热
field	n. 田地；牧场；场地
fifteen	num. 十五
fifth	num. 第五
fifty	num. 五十
fight	v. 战斗；打架；n. 战斗；争吵
final	adj. 最后的；终极的
finally	adv. 最后；终于；决定性地
finger	n. 手指
finish	v. 结束；做完
fisherman	n. 渔民；钓鱼健身者
floor	n. 地面；地板.（楼房的）层
follow	v. 跟随；仿效；跟得上
force	n. 力量；武力；军队；v. 促使；推动；强迫
foreign	adj. 外国的
foreigner	n. 外国人, 外地人；外国人, 进口货, 外国货
forest	n. 森林
forget	v. 忘记；忘掉
forty	num. 四十
forward	n. 前锋；adj. 向前的；早的；迅速的；adv. 向前地；向将来
fourteen	num. 十四
fourth	num. 第四
freeze	v. 结冰；使冻结
fresh	adj. 新鲜的
friendly	adj. 友好的
friendship	n. 友谊；友情
front	adj. 前面的；前部的；n. 前面；前部；前线
fruit	n. 水果；果实
funny	adj. 有趣的；滑稽可笑的
furniture	n. 家具；设备；储藏物
future	n. 将来、未来
general	adj. 大体；笼统的；总的
gentleman	n. 先生；绅士；有身份的人
geography	n. 地理学
gesture	n. 姿态；手势；v. 用动作表示；作手势；用动作示意
glass	n. 玻璃杯；玻璃；（复）眼镜
glove	n. 手套
golden	a. 金的, 含金的, 金色的, 贵重的, 繁盛的；金制的, 金色的, 兴隆的
goodbye	interj. 再见
goose	n. 鹅, 雌鹅, 鹅肉, 弯把熨斗；vt. 与...性交, 突然加大油门, 使生色, 喝倒彩
government	n. 政府
grade	n. 等级（中小学的）；学年；成绩；分数
gradually	adv. 逐渐地
grammar	n. 语法
grandfather	n. 祖父；始祖；v. 不受新规定限制
grandmother	n. 祖母；女祖先；v. 当...的祖母；当祖母
grandparent	n. 祖父母；祖父或祖母；外祖父母
grandson	n.（外）孙子
grape	n. 葡萄
grateful	a. 感谢的, 感激的, 令人快意的, 受欢迎的
great	adj. 伟大的；重要的；好极了；adv.（口语）好极了；很好
greeting	n. 祝贺, 问候
ground	n. 地面；土地；范围；v. 研磨；压迫；使接触地面；adj. 土地的；地面上的；磨碎的
group	n. 组；群
guard	n. 守卫；警戒；护卫队；v. 警惕；保卫；监视
guess	v. 猜
guest	n. 客人；宾客
guitar	n. 吉他；六弦琴
habit	n. 习惯；习性
handsome	adj. （男子）英俊的；可观的；大方的
happen	v.（偶然）发生；碰巧
hardly	adv. 几乎不
headache	n. 头疼
health	n. 健康；卫生
healthy	adj. 健康的；健壮的
heart	n. 心；心脏；纸牌中的红桃
heaven	n. 天堂, 上帝, 天空
heavy	adj. 重的
height	n. 高地；高度；身高
hello	interj. 喂；你好（表示打招呼；问候或唤起注意）
helpful	adj. 有帮助的；有益的
history	n. 历史；历史学
homework	n. 家庭作业
honest	adj. 诚实的；正直的
hospital	n. 医院
hotel	n. 旅馆；饭店；宾馆
however	adv. 可是；conj. 然而；可是；尽管如此
human	adj. 人的；人类的
hundred	num. 百
hurry	v. 赶快；急忙
husband	n. 丈夫
illness	n. 疾病
imagine	v. 想像；设想
immediately	adv. 立即
important	adj. 重要的
impossible	adj. 不可能的
improve	v. 改进；更新
include	v. 包含；包括
increase	v./n. 增加；繁殖
Indian	n. 印度人, 印第安人, 印第安语；a. 印度的, 印度群岛的, 印第安语的
industry	n. 产业；工业；勤勉
influence	n. 影响；势力；感化；v. 影响；改变
information	n. 信息
inside	prep. 在......里面；adv. 在里面
insist	v. 坚持；坚决认为
instead	adv. 代替；反而；相反
instruction	n. 说明；须知；教导
intention	n. 意图, 目的, 含义；愈合, 意向
interest	n. 兴趣；趣味；利息
interesting	adj. 有趣的
international	adj. 国际的
interview	n. 接见；采访；面试；v. 采访；接见；对...进行面谈
introduce	v. 介绍
introduction	n. 介绍；引进；采用
invent	v. 发明；创造
invention	n. 发明；创造
invite	v. 邀请；招待
island	n. 岛
jacket	n. 短上衣；夹克衫
Japanese	n. 日本人, 日语；a. 日本的, 日语的
jeans	n. 牛仔裤；工装裤
keyboard	n. 键盘
kindness	n. 仁慈；好意；友好的行为
kitchen	n. 厨房
knife	n. 小刀；匕首；刀片
knock	n./v. 敲；打；击
knowledge	n. 知识；学问
laboratory	n. 实验室, 研究室, 化工厂；实验室, 检验室, 化验室
language	n. 语言
large	adj. 大的；巨大的
leader	n. 领袖；领导人
least	det. 最少的；adv. 最少地
leave	v. 离开；把......留下；剩下
lesson	n. 课；功课；教训
letter	n. 信；字母
level	n. 水平；标准；水平面；adj. 水平的；平坦的；同高的；v. 瞄准；拉平；变得平坦
library	n. 图书馆；图书室
license	n. 执照；许可证
lifestyle	n. 生活方式
light	n. 光；光亮；灯；灯光；v. 点（火）；点燃；adj. 明亮的；轻的；浅色的
listen	v. 听；仔细听
little	adj. 小的；少的；adv. 很少地； 稍许；n. 没有多少
lively	adj. 活泼的；充满生气的
location	n. 位置, 场所, 特定区域；位置
lonely	adj. 孤独的；寂寞的
lovely	adj. 美好的；可爱的
lucky	adj. 运气好；侥幸
machine	n. 机器
magazine	n. 杂志
magic	adj. 有魔力的
manage	v. 管理；设法对付
manager	n. 经理
market	n. 市场；集市
marriage	n. 婚姻, 结婚, 婚礼, 合并；婚姻, 结婚
marry	v.（使）成婚；结婚
master	v. 控制；精通；征服；n. 硕士；主人；大师；adj. 主人的；主要的；熟练的
match	v. 使相配；使成对；n. 比赛；竞赛；n. 火柴
mathematics	n. 数学；数学
maybe	adv. 可能；大概；也许
meaning	n. 意思；含意
meanwhile	n. 其时, 其间；adv. 同时, 于此时
medical	adj. 医学的；药的；内科的；n. 医生；体格检查
medicine	n. 药；医学；内科；v. 用药物治疗；给...用药
meeting	n. 会；集会；会见；汇合点
member	n. 成员；会员
memory	n. 回忆；记忆
mention	n. 提及；记载；v. 提到；说起
message	n. 消息；音信
metal	n. 金属；adj. 金属制成的
method	n. 方法；条理；类函数；adj. 使用体验派表演方法的
middle	n. 中间；当中；中级的
minute	n. 分钟；一会儿；瞬间
mirror	n. 镜子
mistake	n. 错误；v. 弄错
model	n. 模型；原形；范例；模范
modern	adj. 现代的
moment	n. 片刻；瞬间
money	n. 钱；货币
monitor	n.（班级内的）班长；纠察生；监视器
mountain	n. 山；山脉
mouse	n. 鼠；耗子；（计算机）鼠标
mouth	n. 嘴；口
murder	n. 谋杀；vt. 谋杀, 损毁, 破坏
museum	n. 博物馆；博物院
national	adj. 国家的；全国性的；民族的
natural	adj. 自然的
nature	n. 自然； 性质；种类
nearby	adj. 附近的
nearly	adv. 将近；几乎
necessary	adj. 必需的；必要的
negative	n. 否定, 否定语, 负数, 底片；a. 否定的, 消极的, 负的, 阴性的
nervous	adj. 紧张不安的
network	n. 网络；网状系统
newspaper	n. 报纸
nineteen	num. 十九
ninety	num. 九十
ninth	num. 第九
noise	n. 声音；噪声；喧闹声
normal	n./adj. 正常的（状态）
North	n. 北方, 北；a. 北的, 北方的
northern	adj. 北方的；北部的
notebook	n. 笔记簿
nothing	n. 没有东西；没有什么
notice	n. 布告；通告；注意；v. 注意；注意到
number	n. 数；数字；号码；数量
nurse	n. 护士；保姆；保育员
object	n. 物；物体；宾语
ocean	n. 海洋
offer	n./v. 提供；建议
office	n. 办公室
officer	n. 军官；警官；公务员；v. 指挥
operation	n. 操作；经营；手术
opportunity	n. 机会, 时机
order	v. 定购；定货；点菜n. 顺序
organize	v. 组织；使有系统化；给予生机
outside	n. 外面；adv. 在外面；向外面；prep. 在......外面
owner	n. 物主；所有人
package	n. 包裹, 套装软件, 包, 包装用物, 程序包；vt. 包装, 打包
paint	n. 油漆；v. 油漆；粉刷；绘画
palace	n. 宫；宫殿
paper	n. 纸；报纸
parent	n. 父（母）；双亲
passage	n.（文章等的）一节；一段；通道；走廊
passenger	n. 乘客；旅客
passport	n. 护照
patient	n. 病人
peace	n. 和平
perfect	n. 完成式；adj. 完美的；最好的；精通的；v. 使完美；使熟练
perhaps	adv. 可能；或
period	n. 周期；期间；时期；adj. 某一时代的
personal	adj. 个人的；私人的
phone	v. 打电话；n. 电话；电话机
photograph	n. 相片, 照片, 逼真的描绘；v. 照相, 摄影
physics	n. 物理（学）
piano	n. 钢琴
picnic	n./v. 野餐
piece	n. 一块（片；张；件......）
pilot	n. 飞行员
pioneer	n. 先锋；开拓者
plain	n. 平原, 草原, 朴实无华的东西, 无格式；a. 简单的, 明白的, 平常的, 不好看的, 朴素的, 清晰的, 普通的, 平坦的, 十足的
planet	n. 行星
plant	v. 种植；播种；n. 植物
plastic	n. 塑料；adj. 塑料的
plate	n. 板；片；牌；盘子；盆子
playground	n. 操场；运动场
pleasant	adj. 令人愉快的；舒适的
pleasure	n. 高兴；愉快
plenty	n. 充足；大量
pocket	n.（衣服的）口袋
point	v. 指；指向；n. 点；分数
police	n. 警察；警务人员
policeman	n. 警察；巡警 policewoman （ -women）；n. 女警察
policy	n. 政策；方针；保险单
polite	adj. 有礼貌的；有教养的
pollution	n. 污染
popular	adj. 流行；大众；受欢迎的
population	n. 人口；人数
position	n. 位置；方位；职位；v. 安置；把......放在适当位置
positive	a. 肯定的, 积极的, 有把握的；正的, 阳性的
possible	adj. 可能的
potato	n. 土豆；马铃薯
pound	n. 磅；英镑
practical	adj. 实际的；实用性的
practice	n. 练习
praise	n./v. 赞扬；表扬
predict	v. 预知, 预言, 预报
prepare	v. 准备；预备；调制；配制
present	adj. 出现的；出席的；n. 礼物；赠品；v. 呈奉；奉送
president	n. 总统；董事长；校长
pretty	adj. 漂亮的；俊俏的
prevent	v. 防止； 预防
price	n. 价格；价钱
pride	n. 自豪；骄傲
primary	n. 原色；最主要者；adj. 主要的；初级的；基本的
print	v. 印刷
prison	n. 监狱；监禁；拘留所；v. 监禁；关押
prisoner	n. 囚犯, 犯人, 战俘；犯人, 囚犯, 扣押犯
private	n. 列兵；二等兵；adj. 私人的；私有的；私下的
prize	n. 奖赏；奖品
probably	adv. 很可能；大概
problem	n. 问题；难题
process	n. 过程；进行；方法；adj. 经过特殊加工（或处理）的；v. 处理；加工；列队前进
produce	v. 生产；制造
progress	n. 进步；上进；v. 进展；进行
promise	n./v. 答应；允诺
pronounce	v. 发音
proper	adj. 恰当的；合适的
protect	v. 保护
proud	adj. 自豪的；骄傲的
prove	v. 证明是；证明；检验
provide	v. 提供
public	adj. 公共；公众的；n. 公众
punish	v. 惩罚；严厉对待；贪婪地吃喝
pupil	n.（小）学生
purpose	n. 目的；用途；意志；v. 决心；企图；打算
purse	n. 钱包, 小钱袋, 金钱, 募捐款, 囊状物；v. 缩拢, 皱起
quarter	n. 四分之一；一刻钟
question	v. 询问；n. 问题
quick	adj. 快；敏捷的；急剧的
quiet	adj. 安静的；寂静的
quite	adv. 完全；十分
radio	n. 无线电；收音机
railway	n. 铁路；铁道
raise	v. 使升高；饲养
rapid	n. 急流；高速交通工具；高速交通网；adj. 迅速的；急促的；飞快的
rather	adv. 相当；宁可
reach	v. 到达；伸手（脚）够到
ready	adj. 准备好的
realize	v. 认识到；实现
really	adv. 实际上；事实上；真正地
reason	n. 理由；原因
receive	v. 收到；得到
recent	adj. 近来的；最近的
recently	adv. 最近；新近
record	n. 记录；唱片
recorder	n. 记录员, 录音机；n. 记录器
recover	n. 还原至预备姿势；v. 恢复；弥补；重新获得
recycle	v. 回收利用
reduce	v. 减少；缩小；归纳为
refuse	v. 拒绝；不愿
regard	v. 把......看作
region	n. 区域, 地带, 地区, 领域, 范围, 区；区, 区域
regret	n./v. 可惜；遗憾；痛惜；哀悼
relation	n. 关系, 联系, 叙述, 故事, 家属, 亲戚；关系
relationship	n. 关系
relax	v.（使）放松；轻松
remain	v. 余下；留下；v. 保持；仍是
remember	v. 记得；想起
repair	n./v. 修理；修补
repeat	v. 重说；重做
reply	n. 回答；答复
report	n./v. 报道；报告
require	v. 需要；要求；命令
research	n. 研究；调查
respect	n. 尊敬；尊重；方面；v. 尊敬；尊重；遵守
responsible	a. 有责任的, 负责的, 责任重大的；应负责任的, 有责任的, 能履行责任的
rest	n. 休息；剩余的部分；其余的人（物）；v. 休息；歇息
restaurant	n. 饭馆； 饭店
result	n. 结果；效果
return	v. 归还
review	v. 重新调查；回顾；复习；n. 复查；复习；评论
river	n. 江；河；水道；巨流
robot	n. 机器人
round	adv. 转过来；prep. 环绕一周；围着；adj. 圆的；球形的
rubber	n. 橡胶；合成橡胶
ruler	n. 统治者；直尺
Russian	n. 俄国人, 俄语；a. 俄国的, 俄语的
safety	n. 安全；保险
salad	n. 色拉
sandwich	n. 三明治（夹心面包片）
satisfy	v. 满足；使满意
sausage	n. 香肠, 腊肠
scarf	n. 围巾；嵌接；嵌接处；v. 披嵌接；用围巾围
science	n. 科学；自然科学
scientist	n. 科学家
score	n./v. 得分；分数；二十
screen	n. 幕；荧光屏
search	n./v. 搜寻；搜查
season	n. 季；季节
secret	n. 秘密；内情
secretary	n. 秘书；书记
sense	n. 感觉；功能；观念；v. 感觉到；检测
sentence	n. 句子
separate	v. 使分开；使分离；adj. 单独的；分开的
serious	adj. 严肃的；严重的；认真的
servant	n. 仆人；佣人
serve	v. 招待（顾客等）；服务
service	n. 服务；服侍；服役；adj. 服务性的；耐用的；服现役的；v. 维修；检修；保养
seventeen	num. 十七
seventh	num. 第七
seventy	num. 七十
several	pron. 几个；数个；adj. 若干
shake	n. 摇动；哆嗦；v. 动摇；摇动；震动
shame	n. 羞耻；羞愧；憾事；v. 使丢脸；使羞愧
shape	n. 形状；外形；v. 使成型；制造；塑造
share	v. 分享；共同使用
shelf	n. 架子, 搁板；架子
shine	v. 发光；照耀；n. 光泽；光彩
shorts	n. 短裤
shoulder	n. 肩；肩膀；肩部；v. 用肩推挤；用肩顶；肩负
shout	n./v. 喊；高声呼喊
shower	n. 阵雨；淋浴
sight	n. 视力；景象；眼界；adj. 见票即付的；即席的；v. 看见；瞄准；观看
silence	n. 安静；沉默
silent	adj. 无声的；无对话的
silly	adj. 傻的；愚蠢的
silver	n. 银；银器；银币；adj. 银的；含银的；有银色光泽的；v. 镀银；使有银色光泽；变成银色
similar	n. 类似物；adj. 相似的
simple	adj. 简单的；简易的
since	adv. 从那时以来；conj. 从......以来；......以后；由于；prep. 从......以来
single	adj. 单一的；单个的
sister	n. 姐；妹
situation	n. 形势；情况
sixteen	num. 十六
sixth	num. 第六
sixty	num. 六十
skill	n. 技能；技巧；本领
skirt	n. 女裙
smart	adj. 聪明的；巧妙的；敏捷的
smell	v. 嗅；闻到；发气味；n. 气味
smoke	n. 烟；v. 冒烟；吸烟
smooth	n. 平滑部分；一块平地；adj. 顺利的；光滑的；平稳的；v. 使光滑；消除（障碍等）；使优雅
snake	n. 蛇；v. 蛇般爬行；蜿蜒行进
social	n. 联谊会；联欢会；adj. 社会的；社交的；群居的
society	n. 社会
soldier	n. 士兵；战士
solid	n. 固体；a. 坚硬的, 稳固的, 固体的, 实心的, 纯质的, 立体的, 立方的
somewhere	adv. 在某处
sorry	adj. 对不起；抱歉；难过的
sound	v. 听起来；发出声音；n. 声音
south	adj. 南（方）的；adv. 在南方；向南方；n. 南；南方；南部
southern	adj. 南部的；南方的
space	n. 空间
spare	n. 剩余；备用零件；v. 节约；吝惜；饶恕；adj. 多余的；瘦的；少量的
speaker	n. 演讲者；扬声器；说话者
special	adj. 特别的；专门的
speech	n. 演讲
speed	n. 速度；v.（使）加速
spell	v. 拼写
spend	n. 预算；v. 度过；消磨（时光）；花费
spirit	n. 精神
spoon	n. 匙； 调羹
spread	n. 传播；伸展；adj. 伸展的；v. 传播；散布；展开
square	n. 广场；adj. 平方的；方形的；宽而结实的（体格；肩膀）
stamp	n. 邮票
standard	n. 标准；水准；旗；adj. 标准的；合规格的；公认为优秀的
start	v. 开始；着手；出发
state	n. 状态；情形；国家；（美国的）州
station	n. 站；所；车站；电台
steal	v. 偷； 窃取
steel	n. 钢铁；钢制品；坚固；adj. 钢制的；钢铁业的；坚强的；v. 钢化；使冷酷
stick	v. 粘住；钉住；坚持；n. 木棒（棍）；枝条
stomach	n. 胃；胃部
stone	n. 石头；石料
storm	n. 风暴；暴（风）雨
story	n. 故事；小说
strange	adj. 奇怪；奇特的；陌生的
stranger	n. 陌生人；外地人；局外人
strawberry	n. 草莓；草莓色
stream	n. 溪流；流动；潮流；v. 流出；涌出；使飘动
strict	adj. 严格的；严密的
strong	adj. 强（壮）的；坚固的；强烈的；坚强的
stupid	adj. 愚蠢的；笨的
succeed	v. 成功
success	n. 成功
successful	adj. 成功的；有成就的
sudden	adj. 突然的
sugar	n. 糖
suggest	v. 建议；提议
suggestion	n. 建议
sunny	adj. 晴朗的；阳光充足的
supermarket	n. 超级市场
supper	n. 晚餐；晚饭
supply	n. 补给, 供给, 供应品；vt. 补给, 供给, 提供, 补充
support	n. 支持；维持；支援；v. 支持；支撑；支援
suppose	v. 猜想；假定；料想
surface	n. 表面；表层；外观；adj. 表面的；肤浅的；v. 使浮出水面；使成平面；浮出水面
surprise	v. 使惊奇；使诧异；n. 惊奇；诧异
sweater	n. 厚运动衫；毛衣
sweep	v. 扫除；扫
sweet	n. 甜食；蜜饯；甜点；糖果；芳香；adj. 甜的；可爱的；亲切的
swimming	n. 游泳
swing	v. 挥舞；摆动；n. 秋千
symbol	n. 象征；符号；标志
taste	n. 品尝； 尝味；味道；v. 品尝； 尝味
teach	v. 教书；教
technology	n. 技术；科技
telephone	v. 打电话；n. 电话
television	n. 电视
temperature	n. 温度
terrible	adj. 可怕的；糟糕的
thank	v. 感谢；致谢；道谢；n.（复）感谢；谢意
therefore	adv. 因此, 所以
thick	adj. 厚的
thirteen	num. 十三
thirty	num. 三十
though	conj. 虽然；可是
thought	n. 思想；想法；思考
thousand	num. 千
thread	n. 线, 丝, 纤维, 线索；vt. 穿线于, 穿过, 通过, 用线穿成
throw	v. 投；掷；扔
ticket	n. 票；卷
together	adv. 一起；共同
toilet	n. 厕所
tomato	n. 西红柿；番茄
tongue	n. 舌, 语言能力, 讲话方式, 语言；vt. 舔, 斥责, 发...的音
tonight	adv./n. 今晚；今夜
tooth	n. 牙齿
total	adj. 总数的；完全的；n./v. 合计；总计
touch	v. 触摸；接触
tourist	n. 游客；观光者
toward	prep. 向；朝；对于
towel	n. 毛巾
tower	n. 塔
trade	n. 商业；贸易；v. 交易
tradition	n. 传统；风俗
traditional	adj. 传统的；风俗的；惯例的
traffic	n. 交通；来往车辆
training	n. 培训
translate	v. 翻译
travel	n./v. 旅行
treasure	n. 财富；财产；财宝；v. 珍爱；珍藏
treatment	n. 治疗；疗法；处理
trouble	v. 使苦恼；使忧虑；使麻烦；n. 问题；疾病；烦恼；麻烦
trousers	n. 裤子；长裤
truck	n. 卡车； 运货车；车皮
trust	n. 信任；信赖；责任；v. 信任；信赖；盼望
truth	n. 真理；事实；真相；实际
twelve	num. 十二
twentieth	num. 第二十
twenty	num. 二十
twice	adv. 两次；两倍
umbrella	n. 雨伞
uncle	n. 叔；伯；舅；姑夫；姨父
underground	adj. 地下的；n. 地铁
understand	v. 懂得；明白；理解
university	n. 大学
unless	conj. 如果不；除非
until	prep./conj. 直到......为止
upstairs	a. 楼上的；adv. 在楼上, 向楼上, 处于更高地位
useful	adj. 有用的；有益的
usual	adj. 通常的；平常的
vacation	n. 假期；（房屋）搬出；v. 休假；度假
valuable	n. 贵重物品；adj. 有价值的；贵重的；可估价的
value	n. 值；价值；价格；v. 评价；重视；估价
vegetable	n. 蔬菜
vehicle	n. 交通工具, 车辆, 传播媒介；载体; 运载体; 漆料
victory	n. 胜利；成功；克服
video	n. 录像；视频
village	n. 村庄；乡村
violin	n. 小提琴
visit	n./v. 参观；访问；拜访
visitor	n. 访问者；参观者
voice	n. 说话声； 语态
volunteer	n. 志愿者；v. 自愿做
waste	n./v. 浪费
wealth	n. 财富；大量；富有
weather	n. 天气
weekend	n. 周末
weigh	v. 称......的重量；重（若干）
weight	n. 重；重量
welcome	interj.n./v. 欢迎；adj. 受欢迎的
western	adj. 西方的；西部的
whale	n. 鲸；vi. 捕鲸
whatever	conj./pron. 无论什么；不管什么
wheat	n. 小麦
wheel	n. 轮；机轮
whenever	conj. 每当；无论何时
whether	conj. 是否
whole	adj. 整个的
winner	n. 获胜者
within	n. 内部, 里头；adv. 在内部, 在内心里
wonder	v. 对......疑惑；感到惊奇；想知道；n. 惊讶；惊叹；奇迹
wonderful	adj. 美妙的；精彩的；了不起的；太好了
worker	n. 工人；工作者
worry	n./v. 烦恼；担忧；发怒；困扰
worth	adj. 有......的价值；值得......的
wound	n. 伤口；创伤；v. 使受伤
