Word	Definition
a	art. 一（个；件）
a bit	phr. 一点；稍微
a few	phr. 一些；几个
a little	phr. 一点；少量
a lot	phr. 很；非常
a lot of	phr. 许多；大量
a number of	phr. 许多；若干
a pair of	phr. 一双；一对
ability	n. 能力；才能
able	adj. 能够；有能力的
about	adv. 大约；到处；四处；prep. 关于；在各处；四处
above	prep. 在......上面；adj. 上面的；adv. 在......之上
above all	phr. 最重要的是；首先
abroad	adv. 到（在）国外
absent	adj. 缺席的；缺少的；心不在焉的；v. 使缺席
accept	v. 接受
accident	n. 事故；意外
according to	phr. 根据；按照
achieve	v. 取得；获得；实现
achievement	n. 成就；成绩
across	prep./adv. 横过；穿过；另一边；在对面
act	n. 法令；条例；v. 行动；（戏）表演；扮演（角色）
action	n. 行动；行为；举动
active	adj. 积极的；主动的
activity	n. 活动
actor	n. 男演员；行动者；作用物
actress	n. 女演员
ad	n. 公元；广告
add	n. 加法；加法运算；v. 加；增加；加起来
address	n. 地址；演讲；致辞；v. 演说；从事；忙于
admire	v. 钦佩；赞美；称赞
admit	v. 承认；容许；准许进入
adult	n. 成年人；adj. 成年的；成熟的
advantage	n. 优点；好处；有利条件
adventure	n. 冒险；奇遇
advertisement	n. 广告
advice	n. 忠告；劝告；建议
advise	v. 建议；劝告；忠告
affect	v. 影响
afford	v. 负担得起（......的费用）；抽得出（时间）；提供
afraid	adj. 害怕的；担心
after	adv. 在后；后来；prep. 在......之后；conj. 在......以后
after all	phr. 毕竟；终究
afternoon	n. 下午；午后
again	adv. 再一次；再；又
again and again	phr. 一再；反复地
against	prep. 对着；反对；倚靠
age	n. 年龄；时代
agent	n. 代理人；代理商；药剂；adj. 代理的；v. 由...作中介；由...代理
ago	adv. 以前
agree	v. 同意
agree with	phr. 同意；赞成；适合
agreement	n. 协议；同意；一致
agriculture	n. 农业；农耕；农业生产
ahead	adj. 向前；在前的；领先；adv. 向前地；领先地；在（某人或某事物的）前面
aid	n. 援助；帮助；助手；v. 援助；帮助；有助于
air	n. 空气；大气
airplane	n. （美）飞机
airport	n. 航空站；飞机场
alarm	n. 闹钟；警报；警告器；v. 警告；使惊恐
album	n. 相簿；唱片集；集邮簿
alive	adj. 活着的；存在的
all	adv. 全部地；adj. 全（部）；所有的；总；整；pron. 全部；全体
all kinds of	phr. 各种各样的
all over	phr. 遍及；到处
allow	v. 允许；准许
almost	adv. 几乎；差不多
alone	adj. 单独的；孤独的
along	adv. 向前；和......一起；一同；prep. 沿着；顺着
along with	phr. 连同；和......一起
aloud	adv. 大声地；出声地
already	adv. 已经
also	adv. 也
although	conj. 虽然；尽管
always	adv. 总是；一直；永远
amazing	adj. 惊叹的；震惊的；令人惊讶的
among	prep. 在......中间；在（三个以上）之间
amount	n. 数量；总额；总数；v. 总计；合计；相当于
amusement	n. 消遣；娱乐；乐趣
an	art. 一（个；件）
ancient	n. 古代人；老人；adj. 古代的；古老的；过时的
and	conj. 和；又
angry	adj. 生气的；愤怒的
animal	n. 动物
announce	v. 宣布；述说；预示
announcement	n. 通知；公告
another	adj. 再一；另一；别的；pron. 另一个
answer	n. 回答；答复；答案；v. 回答；答复；（作出）答案
ant	n. 蚂蚁
any	pron. 任何的；（用于疑问句、否定句）一些；什么
anybody	n. 重要人物；pron. 任何人
anyone	pron. 任何人；无论谁
anything	pron. 什么事（物）；任何事（物）
anyway	adv. 无论如何；不管怎样；总之
anywhere	adv. 任何地方
apartment	n. 公寓
apologize	v. 道歉
apology	n. 道歉；歉意
appear	v. 出现；显得；似乎
appearance	n. 外貌；外观；出现
apple	n. 苹果
application	n. 申请；应用
apply	v. 申请；应用
appointment	n. 约会；预约
area	n. 面积；地域；区域；范围；领域
argue	v. 争论；争吵
argument	n. 争论；论点
arm	n. 臂；支架；（美）武器；武力
army	n. 军队
around	adv. 在周围；在附近；prep. 在......周围；大约
arrange	v. 安排；整理
arrangement	n. 安排；布置
arrive	v. 到达；达到
arrive at	phr. 到达较小地点；得出
arrive in	phr. 到达较大地点
art	n. 艺术；美术；技艺
article	n. 文章；物品；冠词
artist	n. 艺术家；美术家
as	adv./conj. 像......一样；当......时；如同；因为；prep. 作为；当做
as a result	phr. 因此；结果
as far as	phr. 就......而言；远至
as for	phr. 至于；关于
as long as	phr. 只要
as soon as	phr. 一......就......
as usual	phr. 像往常一样
as well	phr. 也；还
as well as	phr. 除......之外也；和
ask	v. 问；请求；要求；邀请
ask for	phr. 请求；要求
asleep	adj. 睡着的；熟睡
astronaut	n. 宇航员；航天员；太空旅行者
at	prep. 在（几点钟）；在（某处）
at first	phr. 起初；首先
at home	phr. 在家
at last	phr. 最后；终于
at least	phr. 至少
at once	phr. 立刻；马上
at present	phr. 目前；现在
at school	phr. 在学校
at the age of	phr. 在......岁时
at the beginning of	phr. 在......开始时
at the end of	phr. 在......末尾
at the same time	phr. 同时
athlete	n. 运动员；体育家；身强力壮的人
attack	v./n. 攻击；袭击
attend	v. 看护；照料；服侍；出席；参加
attention	n. 注意；关心
attract	v. 吸引；引起
audience	n. 观众；听众；读者
aunt	n. 伯母；舅母；婶；姑；姨
autumn	n. 秋天；秋季
available	adj. 可获得的；可购得的；可找到的
average	n. 平均；平均数；海损；adj. 平均的；普通的；通常的；v. 算出...的平均数；将...平均分配；使...平衡
avoid	v. 避免；避开；躲避
awake	v. 唤醒；adj. 醒着的
award	n. 奖品；判决；v. 授予；判定
away	adv. 离开；远离
awful	adj.极坏的、极讨厌的、糟糕的、可怕的
baby	n. 婴儿
back	adv. 回（原处）；向后；adj. 后面的；n. 背后；后部；背
background	n. 背景；隐蔽的位置；adj. 背景的；发布背景材料的；v. 作...的背景
bad	adj. 坏的；有害的；不利的；严重的
badminton	n. 羽毛球
bag	n. 袋；猎获物；（俚）一瓶啤酒；v. 猎获；把...装入袋中；占据
bakery	n. 面包店
balance	n. 平衡；余额；匀称；v. 使平衡；结算；使相称
ball	n. 球；n. 舞会
ballet	n. 芭蕾舞剧；芭蕾舞乐曲
balloon	n. 气球
bamboo	n. 竹子
banana	n. 香蕉
band	n. 乐队；波段；一伙；一帮；带（状物）
bank	n.（河海湖的）岸；堤； 银行
bark	n. 树皮；深青棕色；毛皮；v. 狗叫；尖叫；剥皮
base	n. 根据地；基地；（棒球）垒
baseball	n. 棒球
basic	n. 基础；要素；adj. 基本的；基础的
basket	n. 篮子
basketball	n. 篮球
bat	n. 蝙蝠；球棒；球拍；v. 用球棒击球；击球率达...；轮到击球
bathroom	n. 浴室；厕所；盥洗室
battery	n. 电池；蓄电池；殴打
be	v. 是；成为；存在
be able to	phr. 能够
be afraid of	phr. 害怕
be angry with	phr. 生某人的气
be born	phr. 出生
be busy with	phr. 忙于
be careful with	phr. 小心对待
be different from	phr. 与......不同
be famous for	phr. 因......而著名
be filled with	phr. 充满
be fond of	phr. 喜爱
be full of	phr. 充满
be good at	phr. 擅长
be good for	phr. 对......有益
be interested in	phr. 对......感兴趣
be late for	phr. 迟到
be made from	phr. 由......制成；看不出原材料
be made of	phr. 由......制成；看得出原材料
be proud of	phr. 为......感到自豪
be ready for	phr. 为......做好准备
be satisfied with	phr. 对......满意
be similar to	phr. 与......相似
be strict with	phr. 对......严格
be surprised at	phr. 对......感到惊讶
be used to	phr. 习惯于
beach	n. 海滨；海滩
bean	n. 豆；嘴峰；毫无价值的东西；v. 击...的头部
bear	v. 承受；负担；承担；忍受；容忍；n. 熊
beat	v. 敲打；跳动；打赢；n.（音乐）节拍
beautiful	adj. 美；美丽；美观的
beauty	n. 美；美丽；美人
because	conj. 因为
because of	phr. 因为；由于
become	v. 变得；成为
bed	n. 床
bedroom	n. 寝室；卧室
bee	n. 蜜蜂
beef	n. 牛肉
beer	n. 啤酒
before	prep. 在......以前；在......前面；adv. 以前；conj. 在......之前
begin	v. 开始；着手
beginning	n. 开始；开端
behave	v. 表现；（机器等）运转；举止端正
behind	prep. （表示位置）在......后面；adv. 在后面；向后
believe	v. 相信；认为
bell	n. 钟；铃；钟（铃）声；钟形物
belong	v. 属于；应归入；居住
belong to	phr. 属于
below	prep. 在......下面
beside	prep. 在......旁边；靠近
besides	prep. 除......以外（还有）；adv. 还有；此外
best	adj. 最好的；adv. 最好地；n. 最好的人或物
better	adj. 更好的；adv. 更好地
between	prep. 在...之间；adv. 在中间
beyond	prep. 超过；越过；那一边；n. 远处；adv. 在远处；在更远处
big	adj. 大的
bike	n. 自行车
bill	n.账单；法案；议案；（美）钞票；纸币
biology	n. 生物（学）
bird	n. 鸟
birth	n. 出生；诞生
birthday	n. 生日
biscuit	n. 小点心；饼干
bit	n. 一点；一些；少量的
black	n. 黑色；adj. 黑色的
blackboard	n. 黑板
bleed	v. 使出血；榨取；流血
blind	adj. 瞎的
block	n. 块；街区；大厦；adj. 成批的；大块的；交通堵塞的；v. 阻止；阻塞；限制
blood	n. 血；血液；血统；v. 从...抽血；使先取得经验
blouse	n. 宽罩衫；（妇女、儿童穿的）短上衣
blow	v. 吹；刮风；吹气；n. 击；打击
blue	n. 蓝色；adj. 蓝色的；adj. 悲伤的；沮丧的
board	n. 木板；布告牌；（政府的）部；v. 上（船、火车、飞机）
boat	n. 小船；小舟
body	n. 身体
boil	n. 沸腾；煮沸；疖子；v. 煮沸；烧开；使...激动
bone	n. 骨；骨骼；v. 剔去...的骨；施骨肥于；苦学
book	n. 书；本子；v. 预定；定（房间、车票等）
boot	n. 长筒靴；靴
bored	v. 使厌烦；烦扰；adj. 无聊的；无趣的；烦人的
boring	adj. 乏味的；无聊的
born	adj. 出生的
borrow	v.（向别人）借用；借
boss	n. 老板；首领；工头；v. 指挥；调遣；当...的领导
both	adj. 两；双；pron. 两者；双方
bottle	n. 瓶子
bottom	n. 底部；底
boundary	n. 边界；范围；分界线
bow	n. 弓；鞠躬；船首；adj. 弯曲的；v. 鞠躬；弯腰
bowl	n. 碗
box	n. 盒子；箱子
boy	n. 男孩
brain	n. 脑（子）
branch	n. 树枝；分枝；分部；v. 分支；出现分歧
brave	n. 勇士；adj. 勇敢的；华丽的；v. 勇敢地面对
bread	n. 面包
break	n. 间隙；中断；暂停；v. 打破（断；碎）
break down	phr. 出故障；分解
break out	phr. 爆发
breakfast	n. 早餐
breath	n. 呼吸；气息；一口气
breathe	v. 呼吸
bridge	n. 桥
bright	adj. 明亮的；聪明的
bring	v. 拿来；带来；取来
bring out	phr. 使显现；出版
broad	n. 宽阔部分；adj. 宽的；辽阔的；显著的；adv. 宽阔地
broken	adj. 破损的；坏掉的
brother	n. 兄；弟
brown	n. 褐色；棕色；adj. 褐色的；棕色的
brush	v. 刷；擦；n. 刷子
build	v. 建筑；造
building	n. 建筑物；房屋；大楼
burn	v. 燃烧；着火；使烧焦；使晒黑；n. 烧伤；晒伤
bus	n. 公共汽车
bush	n. 灌木；矮树丛；adj. 如灌木般长得低矮的；粗野的；v. 以灌木装饰；使...精疲力竭；丛生
business	n.（本分）工作；职业；职责；生意；交易；事业
busy	adj. 忙（碌）的
but	conj. 但是；可是；prep. 除了； 除............外
butter	n. 黄油；奶油
butterfly	n. 蝴蝶
buy	v. 买
by	prep. 在......旁；不迟于；被；用；乘（车）
by accident	phr. 偶然；意外地
by air	phr. 乘飞机
by bike	phr. 骑自行车
by bus	phr. 乘公共汽车
by mistake	phr. 错误地；无意中
by the way	phr. 顺便说一下
cabbage	n. 卷心菜；洋白菜
cafe	n. 咖啡馆；小餐馆
cage	n. 笼；鸟笼
cake	n. 蛋糕；糕点；饼
calendar	n. 日历；历法；日程表；v. 将...列入表中；将...排入日程表
call	n. 喊；叫；电话；通话；v. 称呼；呼唤；喊；叫
call back	phr. 回电话；召回
call for	phr. 要求；需要
call on	phr. 拜访；号召
calm	n. 风平浪静；adj. 静的；平静的；沉着的；v. 使平静；使镇定；平静下来
camel	n. 骆驼
camera	n. 照相机；摄像机
camp	n.（夏令）营；v. 野营；宿营
can	modal v. 能；会；可以
cancel	v. 取消；撤销；删去；n. 取消；撤销
candle	n. 蜡烛
candy	n. 糖果
cap	n. 帽子；（瓶子的）盖
capital	n.首都；省会；大写；资本
captain	n.（海军）上校；船长；舰长；队长
car	n. 汽车；小卧车
card	n.卡片；名片；纸牌
care	n. 照料；保护；小心；v. 介意......；在乎；关心
care about	phr. 关心；在意
care for	phr. 照顾；喜欢
careful	adj. 小心；仔细；谨慎的
carefully	adv. 小心地
careless	adj. 粗心的；漫不经心的
carrot	n. 胡萝卜
carry	v. 拿；搬；带；提；抬；背；抱；运等
cartoon	n. 卡通片；动画片；连环漫画；v. 为...画漫画；画漫画
case	n. 情况；实例；箱；v. 包围；把...装于容器中
cat	n. 猫
catch	v. 接住；捉住；赶上；染上（疾病）
catch up with	phr. 赶上
cause	n. 原因；起因；v. 促使；引起；使发生
cave	n. 洞穴；窑洞；v. 凹陷；塌落；投降
ceiling	n. 天花板；顶棚
celebrate	v. 庆祝
celebration	n. 庆祝；庆祝会
cent	n. 美分（100 cents = 1 dollar）
center	n. 中心；中央
central	n. 电话总机；adj. 中心的；主要的；中枢的
century	n. 世纪；百年
certain	adj. （未指明真实名称的）某......；确定的；无疑的；一定会......
certainly	adv. 当然；一定；无疑
chain	n. 链；束缚；枷锁；v. 束缚；囚禁；用铁链锁住
chair	n. 椅子
chalk	n. 粉笔
challenge	n.挑战（性）
challenging	v. 要求；质疑；反对；adj. 挑战的；引起挑战性兴趣的
chance	n. 机会；可能性
change	n. 零钱；找头；v. 改变；变化；更换；兑换
channel	n.频道；通道；水渠
character	n. 性格；品质；特性；v. 印；刻；使具有特征
charge	n. 费用；电荷；掌管；v. 使充电；使承担；指责
chat	n. 聊天；闲谈；v. 与...搭讪；与...攀谈；聊天
cheap	adj. 便宜的；贱
cheat	n. 欺骗；作弊；骗子；v. 欺骗；骗取；作弊
check	n. 检查；批改；v. 校对；核对；检查；批改
cheek	n. 面颊；脸颊；臀部；v. 无礼地向...讲话；对...大胆无礼
cheer	n. 欢呼；愉快；心情；v. 欢呼；使高兴；为...加油
cheer up	phr. 振作起来；使高兴
cheerful	adj. 快乐的；愉快的；高兴的
cheese	n. 奶酪
chemical	n. 化学制品；化学药品；adj. 化学的
chemistry	n. 化学
chess	n. 国际象棋；棋
chicken	n. 鸡；鸡肉
child	n. 孩子；儿童
chocolate	n. 巧克力
choice	n. 选择；选择权；精选品；adj. 精选的；仔细推敲的
choose	v. 选择
chopstick	n. 筷子
cigarette	n. 香烟；纸烟
cinema	n. 电影院；电影
circle	n./v. 圆；环绕
city	n. 市；城市；都市
class	n.（学校的）班；年级；课
classmate	n. 同班同学
classroom	n. 教室
clay	n. 粘土；泥土；肉体；v. 用黏土处理
clean	v. 弄干净；擦干净；adj. 清洁的；干净的
clean up	phr. 打扫干净
clear	adj. 清晰；明亮的；清楚的
clearly	adv. 清楚地；无疑地
clerk	n. 职员；办事员；店员；v. 当销售员；当店员；当职员
clever	adj. 聪明的；伶俐的
click	n. 单击；滴答声；v. 作咔哒声；点击；使发咔哒声
climate	n. 气候
climb	v. 爬；攀登
clock	n. 钟
close	adj. 亲密的；近；靠近；adv. 近；靠近；v. 关；关闭
cloth	n. 布
clothes	n. 衣服；各种衣物
clothing	n. （总称） 服装；帆装；v. 覆盖；给...穿衣
cloud	n. 云；云状物；阴影
cloudy	adj. 多云的；阴天的
club	n. 俱乐部；纸牌中的梅花
coach	n. 教练；旅客车厢；长途公车；v. 训练；指导；作指导
coal	n. 煤；煤块
coast	n. 海岸；滑坡；v. 沿...岸航行；滑行；沿岸航行
coat	n. 外套；涂层；表皮；皮毛
coffee	n. 咖啡
coin	n. 硬币
cold	adj. 冷的；寒的；n. 寒冷；感冒；伤风
collect	v. 收集；搜集
college	n. 学院；专科学校
color	n. 颜色；v. 给......着色；涂色
comb	n. 梳子；蜂巢；鸡冠；v. 梳头发；梳毛；（浪）涌起
come	v. 来；来到
come back	phr. 回来
come from	phr. 来自
come on	phr. 快点；加油
come out	phr. 出现；出版；开花
come true	phr. 实现；成为现实
comedy	n. 喜剧；喜剧性；有趣的事情
comfortable	adj. 舒服的；安逸的；舒服自在的
common	adj. 普通；一般；共有的
communicate	v. 交流；沟通
communication	n. 交流；沟通
community	n. 社区；群落；共同体
company	n. 公司
compare	v. 相比；匹敌；比较；n. 比较
compare with	phr. 与......比较
compete	v. 竞争；比赛；对抗
competition	n. 比赛；竞赛
complete	adj. 完整的；完全的；彻底的；v. 完成
computer	n. 电子计算机
computer game	n. 电子游戏
concert	n. 音乐会；演奏会
conclusion	n. 结论；结局；推论
condition	n. 条件；情况；环境；v. 决定；使适应；使健康
confident	adj. 自信的
congratulate	v. 祝贺
congratulation	n. 祝贺；庆贺
connect	v. 连接；把......联系起来
connect with	phr. 与......连接；联系
consider	v. 考虑；认为；细想
continent	n. 大陆；洲；陆地；adj. 自制的；克制的
continue	v. 继续
contribution	n. 贡献；捐献；投稿
control	n. 控制；管理；抑制；v. 控制；管理；抑制
convenient	adj. 方便的；适当的；近便的
conversation	n. 谈话；交谈
cook	n. 炊事员；厨师；v. 烹调；做饭
cooker	n. 炊具；烹饪用水果；窜改者
cookie	n. 小甜饼
cool	adj. 凉的；凉爽的；酷
copy	n. 抄本；副本；一本（份；册......）；v. 抄写；复印；拷贝
corn	n. 玉米；谷物
corner	n. 角；角落；拐角
correct	v. 改正；纠正；adj. 正确的；对的；恰当的
cost	v.值（钱）；花费；n. 价格
cough	n./v. 咳嗽
could	modal v. 能；可以；可能
count	v. 数；点数
country	n. 国家；农村；乡下
countryside	n. 乡下；农村
couple	n. 夫妇；一对
courage	n. 勇气；胆量
course	n. 过程；经过；课程
cousin	n. 堂（表）兄弟；堂（表）姐妹
cover	n. 盖子；罩；v. 覆盖；遮盖；掩盖
cow	n. 母牛；奶牛
crash	v./n. 碰撞；撞击
crayon	n. 蜡笔；有色粉笔；v. 以蜡笔作画；用颜色粉笔画
crazy	adj. 疯狂的；狂热的；着迷的
cream	n. 奶油；乳脂
create	v. 创造；创作；造成
creative	adj. 创造性的
crime	n. 罪行；犯罪；罪恶；v. 控告......违反纪律
criminal	n. 罪犯；adj. 刑事的；犯罪的；罪恶的
crop	n. 庄稼；收成
cross	adj. 脾气不好的；易怒的；n. 十字形的东西；v. 越过；穿过
crossing	n. 十字路口；人行横道
crowd	n. 人群；v. 拥挤；群聚
cruel	adj. 残酷的；残忍的；使人痛苦的
cry	n. 叫喊；哭声；v. 喊叫；哭
culture	n. 文化
cup	n. 茶杯
cure	n. 治疗；治愈；疗法；v. 治疗；治愈；使硫化
custom	n. 习惯；惯例；风俗；adj. （衣服等）定做的；定制的
customer	n.（商店）顾客；主顾
cut	v. 切；剪；削；割
cut down	phr. 砍倒；减少
cute	adj.可爱的
cycle	n. 循环；周期；自行车；v. 使循环；使轮转；循环
daily	adj. 每日的；日常的；adv. 每天；n. 日报
damage	v. 损害；损毁；毁坏；n. 损害；损毁；赔偿金
dance	n./v. 跳舞
danger	n. 危险；危险物；威胁
dangerous	adj. 危险的
dare	v./aux. 敢；敢于
dark	n. 黑暗；暗处；日暮；adj. 黑暗的；暗淡的；深色的
darkness	n. 黑暗；模糊；无知
date	n. 日期；约会；n.枣
daughter	n. 女儿
day	n.（一）天；（一）日；白天
dead	adj. 死的；无生命的
deaf	adj. 聋的
deal	n. 量；数额；交易
deal with	phr. 处理；应对
dear	interj.（表示惊愕）哎呀!唷!adj. 亲爱的；贵的
death	n. 死
decide	v. 决定；下决心
decision	n. 决定
decorate	v. 装饰；修饰
deep	adj. 深；adv. 深；深厚
defeat	n. 失败的事实；击败的行为；v. 击败；战胜；挫败
degree	n. 程度；等级；度
delete	v. 删除
delicious	adj. 美味的；可口的
dentist	n. 牙科医生
depend	v. 依靠；依赖；指望；取决于
depend on	phr. 依靠；取决于
describe	v. 描写；叙述
description	n. 描述；描写
desert	n. 沙漠；v. 舍弃；遗弃
desk	n. 书桌；写字台
dessert	n. 餐后甜点；甜点心
destroy	v. 破坏；毁坏
detective	n. 侦探
develop	v.（使）发展；开发；v. 冲洗（照片）
development	n. 发展；开发；发育
devote	v. 致力于；奉献
dialogue	n. 对话
diamond	n. 钻石；金刚石；菱形；adj. 菱形的；金刚钻的
diary	n. 日记；日记簿
dictionary	n. 词典；字典
die	v. 死
diet	n. 饮食；食物；规定饮食；v. 照规定饮食；节食
difference	n. 不同
different	adj. 不同的；有差异的
difficult	adj. 难；艰难；不易相处的
difficulty	n. 困难；费力
dig	v. 挖（洞沟）；掘
dining	n. 吃饭；进餐；v. 吃饭
dining room	n. 餐厅；饭厅
dinner	n. 正餐；宴会
dinosaur	n. 恐龙；过时、落伍的人或事物
direct	adj. 直接的；直截了当的；v. 指挥；指导；导演（电影）
direction	n. 方向；方位
director	n. 所长；处长；主任；董事；导演
dirty	adj. 脏的
disabled	adj. 残废的；有缺陷的；v. 使...失去能力
disadvantage	n. 缺点；不利条件；损失
disagree	v. 不同意；不一致；争执
disappear	v. 消失
discover	v. 发现
discovery	n. 发现
discuss	v. 讨论；议论
discussion	n. 讨论
disease	n. 病；疾病
dish	n. 盘；碟；盘装菜；盘形物
dislike	n. 嫌恶；反感；不喜爱；v. 不喜欢；厌恶
distance	n. 距离；远方；疏远；v. 疏远；把...远远甩在后面
dive	v. 跳水
divide	v. 分；划分
do	v./aux. 做；干
do one's best	phr. 尽某人最大努力
doctor	n. 医生；大夫；博士
document	n. 文件；公文；文档；v. 用文件证明
dog	n. 狗
doll	n. 玩偶；玩具娃娃
dollar	n. 元（美国、加拿大、澳大利亚等国货币单位）
door	n. 门
double	adj. 两倍.双的；n. 两个.双
doubt	n. 怀疑；疑问；疑惑；v. 怀疑；不信；恐怕
down	prep. 沿着；沿......而下；adv. 向下
download	n./v. 下载
downtown	n. 城市的商业区；中心区；闹市区；adj. 商业区的；闹市区的
draw	v. 绘画；绘制；拉；拖；提取（金钱）
dream	n./v. 梦；梦想
dress	n. 女服；连衣裙；（统指）服装；童装；v. 穿衣
dress up	phr. 装扮；穿上盛装
drink	n. 饮料；喝酒
drive	n. 驱动器；驾车；内驱力；v. 开车；猛击；飞跑
driver	n. 驾驶员；驱动程序；起子
drop	n.滴；v.掉下；落下；投递；放弃
drum	n. 鼓；鼓声；v. 击鼓；大力争取
dry	v. 使......干；弄干；擦干；adj. 干的；干燥的
duck	n. 鸭子
dumpling	n. 饺子
during	prep. 在......期间；在......过程中
dust	n. 灰尘；尘土
duty	n. 责任；义务
each	adj./pron. 每人；每个；每件
each other	phr. 互相；彼此
eagle	n. 鹰；鹰状标饰
ear	n.耳朵.耳状物；听力；听觉
early	adj. 早的；adv. 早地
earth	n. 地球；土；泥；大地
earthquake	n. 地震
easily	adv. 容易地；无疑地
east	adj. 东方；东部的；adv. 在东方；向东方；n. 东；东方
eastern	n. 东方人；（美国）东部地区的人；adj. 东方的；朝东的；东洋的
easy	adj. 容易的；不费力的
eat	v. 吃
educate	v. 教育；培养；训练
education	n. 教育；培养
effect	n. 影响；效果；作用；v. 产生；达到目的
effort	n. 努力；成就
egg	n. 蛋；卵
eight	num. 八
eighteen	num. 十八
eighth	num. 第八
eighty	num. 八十
either	adj. 两方任一方的；二者之一；conj. 二者之一；要么；adv. 也
elder	n. 长者；前辈
electricity	n. 电；电流
electronic	adj. 电子的；n. 电子电路；电子器件
elephant	n. 象
eleven	num. 十一
else	adv. 别的；其他的
email	n. 电子邮件
emperor	n. 皇帝；君主
empty	adj. 空的
encourage	v. 鼓励
end	n. 末尾；终点；结束；v. 结束；终止
enemy	n. 敌人；敌军
energy	n. 能量；精力；活力
engineer	n. 工程师；技师
enjoy	v. 欣赏；享受乐趣；喜欢
enjoy oneself	phr. 玩得开心
enjoyable	adj. 愉快的；有趣的
enough	n. 足够；充足；adj. 足够；充分的；adv. 足够地；充分地
enter	v. 进入
entrance	n. 入口；入场；进入的权利；入学许可
entry	n. 进入
environment	n.环境
equal	adj. 平等的；v. 等于；使等于
eraser	n. 橡皮擦；黑板擦
escape	n./v. 逃跑；逃脱
especially	adv. 特别；尤其
even	adv. 甚至；连（......都）；更
evening	n. 傍晚；晚上
event	n. 事件；大事
ever	adv. 曾经；无论何时
every	adj. 每一；每个的
everybody	pron. 每人；人人
everyday	adj. 每日的；日常的
everyone	pron. 每人；人人
everything	pron. 每件事；事事
everywhere	adv. 到处
exact	adj. 精确的；确切的
exactly	adv. 精确地；确切地
exam	n. 考试；测试；检查；审查
examine	v. 检查；诊察
example	n. 例子；榜样
excellent	adj. 极好的；优秀的
except	prep. 除......之外
exchange	n. 交换；交流；交易所；v. 交换；交易；兑换
excited	v. 激动；唤起；adj. 兴奋的；激动的；活跃的
exciting	adj. 令人兴奋的；使人激动的；v. 激动；刺激；唤起
excuse	n. 借口；辩解；v. 原谅；宽恕
exercise	n. 锻炼；做操；练习；习题；v. 锻炼
exhibition	n. 展览；展览会
exit	n. 出口；通道；退场；v. 退出；离去
expect	v. 预料；盼望；认为
expensive	adj. 昂贵的
experience	n. 经历；经验；v. 经历
experiment	n. 实验
expert	n. 专家；能手
explain	v. 解释；说明
explore	v. 探索；探测；探险
express	v. 表达；表示；表情；n. 快车；特快专递
expression	n. 表现；表示；表达
extra	n. 临时演员；号外；额外的事物；adj. 额外的；另外收费的；特大的；adv. 特别地；非常；另外
eye	n. 眼睛
face	n. 脸；v. 面向；面对
fact	n. 事实；现实
factory	n. 工厂
fail	v. 失败；不及格；衰退
fair	n. 展览会；市集；美人；adj. 公平的；美丽的；白皙的；v. 转晴
fall	n. 下降；秋天；瀑布；adj. 秋天的；v. 落下；变成；来临
fall asleep	phr. 入睡
fall behind	phr. 落后
fall down	phr. 跌倒；倒塌
fall in love with	phr. 爱上；喜欢上
familiar	n. 常客；密友；adj. 熟悉的；常见的；亲近的
family	n. 家庭；家族；子女
famous	adj. 著名的
fan	n.（电影、运动等的）迷；热心的爱好者（支持者）；n. 风扇
fantastic	n. 古怪的人；adj. 奇异的；空想的；异想天开的
far	adj./adv. 远的；远地
farm	n. 农场；农庄
farmer	n. 农民
fast	adj. 快的；迅速的；紧密的；adv. 快地；迅速地；紧密地
fat	n. 脂肪；adj. 胖的；肥的
father	n. 父亲
fault	n. 故障；断层；错误；v. （通常用于疑问句或否定句）挑剔；弄错；产生断层
favorite	n. 幸运儿；喜欢的事物；特别喜欢的人；adj. 最喜爱的；中意的；宠爱的
fear	n. 害怕；恐惧； 担忧
feather	n. 羽毛
fee	n. 费；费用
feed	v. 喂（养）；饲（养）
feel	v./link 感觉；觉得；摸；触
feeling	n. 感情；感觉
fellow	n. 家伙；朋友；同事；adj. 同伴的；同事的；同道的；v. 使...与另一个对等；使...与另一个匹敌
female	n. 女人；雌性动物；adj. 女性的；雌性的；柔弱的
fence	n. 栅栏；围栏；篱笆
festival	n. 节日
fever	n. 发烧；发热
few	pron. 不多；少数；不多的；少数的
fiction	n. 小说；虚构；编造
field	n. 田地；牧场；场地
fierce	adj. 凶猛的；猛烈的；暴躁的
fifteen	num. 十五
fifth	num. 第五
fifty	num. 五十
fight	v. 战斗；打架；n. 战斗；争吵
figure	n. 数字；人物；图形；v. 计算；认为；描绘
fill	v. 填空；装满
film	n. 电影；影片；胶卷
final	adj. 最后的；终极的
finally	adv. 最后；终于；决定性地
find	v. 找到；发现；认为
find out	phr. 查明；弄清
fine	adj. 晴朗的；美好的；（身体）健康的
finger	n. 手指
finish	v. 结束；做完
fire	n. 火；火炉；火灾；v. 开火；射击；解雇
first	num. 第一；adj./adv. 第一；首次；最初；n. 开始；开端
first of all	phr. 首先
fish	n. 鱼；鱼肉；v. 钓鱼；捕鱼
fisherman	n. 渔民；钓鱼健身者
fit	adj. 健康的；适合的；v.（使）适合；安装
five	num. 五
fix	v. 修理；安装；确定；决定
flag	n. 旗；标志；旗舰
flash	n. 闪光；闪现；一瞬间；adj. 闪光的；火速的；v. 使闪光；反射；闪光
flight	n. 航班；飞行
float	n. 彩车；花车；漂流物；v. 浮动；飘动；散播
flood	n. 洪水；v. 淹没；使泛滥
floor	n. 地面；地板.（楼房的）层
flower	n. 花
flu	n. 流感
fly	v. 飞；飞行；飘动；v. 放（风筝、飞机模型等）n. 苍蝇
focus	v./n. 集中（注意力；精力）于；焦点；中心点
fog	n. 雾
foggy	adj. 多雾的
fold	n. 折痕；信徒；羊栏；v. 折叠；合拢；抱住
folk	n. 民族；人们；亲属；adj. 民间的
follow	v. 跟随；仿效；跟得上
food	n. 食物；食品
fool	n. 傻子；蠢人
foolish	adj. 愚蠢的；傻的
foot	n. 足；脚；英尺
football	n.（英式）足球；（美式）橄榄球
for	prep. 为了......；因为......；对于......；对......来说；conj. 因为；由于
for example	phr. 例如
force	n. 力量；武力；军队；v. 促使；推动；强迫
foreign	adj. 外国的
forest	n. 森林
forever	adv. 永远；永恒的
forget	v. 忘记；忘掉
forgetful	adj. 健忘的；不留心的
fork	n. 叉；餐叉
form	n. 表格；形式；结构
forty	num. 四十
forward	n. 前锋；adj. 向前的；早的；迅速的；adv. 向前地；向将来
fountain	n. 喷泉
four	num. 四
fourteen	num. 十四
fourth	num. 第四
free	adj. 自由；空闲的；免费的
freeze	v. 结冰；使冻结
fresh	adj. 新鲜的
fridge	n. 冰箱
friend	n. 朋友
friendly	adj. 友好的
friendship	n. 友谊；友情
from	prep. 从；从......起；来自
from now on	phr. 从现在起
from time to time	phr. 有时；不时
front	adj. 前面的；前部的；n. 前面；前部；前线
fruit	n. 水果；果实
fuel	n. 燃料；刺激因素；v. 供以燃料；加燃料；得到燃料
full	adj. 满的；充满的；完全的
fun	n. 有趣的事；娱乐；玩笑
funny	adj. 有趣的；滑稽可笑的
fur	n. 毛皮；皮子
furniture	n. 家具；设备；储藏物
future	n. 将来、未来
game	n. 游戏；运动；比赛
garden	n. 花园；果园；菜园
gas	n. 气体；瓦斯；汽油；v. 加油；毒（死）；放出气体
gate	n. 大门
gather	n. 聚集；衣褶；收获量；v. 收集；收割；使...聚集
general	adj. 大体；笼统的；总的
gentle	n. 蛆；饵；adj. 温和的；文雅的；v. 使温和；使驯服
gentleman	n. 先生；绅士；有身份的人
geography	n. 地理学
gesture	n. 姿态；手势；v. 用动作表示；作手势；用动作示意
get	v. 成为；得到；具有；到达
get along with	phr. 与......相处；进展
get away	phr. 离开；逃脱
get back	phr. 返回；取回
get dressed	phr. 穿好衣服
get off	phr. 下车
get on	phr. 上车；相处
get ready for	phr. 为......做准备
get up	phr. 起床；站起
gift	n. 赠品；礼物
giraffe	n. 长颈鹿
girl	n. 女孩
give	v. 给；递给；付出；给予
give away	phr. 赠送；泄露
give back	phr. 归还
give in	phr. 屈服；让步
give out	phr. 分发；发出
give up	phr. 放弃
glad	adj. 高兴的；乐意的
glass	n. 玻璃杯；玻璃；（复）眼镜
glove	n. 手套
glue	n. 胶；各种胶合物；v. 粘合；似胶般固着于
go	v. 去；走；驶；通到；到达；n. 尝试（做某事）
go ahead	phr. 开始；继续；请便
go away	phr. 离开
go back	phr. 返回
go on	phr. 继续；发生
go out	phr. 外出；熄灭
go over	phr. 复习；仔细检查
goal	n.（足球）球门；目标
gold	n. 黄金 a 金的；黄金的
good	adj. 好；良好
goods	n. 商品；动产；合意的人
government	n. 政府
grade	n. 等级（中小学的）；学年；成绩；分数
graduate	v. 毕业
graduation	n. 毕业；毕业典礼；刻度
grain	n. 粮食；颗粒；谷物；v. 使成谷粒；成谷粒
gram	n. 克；鹰嘴豆（用作饲料）
grammar	n. 语法
grandchild	n. （外）孙或孙女；孙辈
granddaughter	n.（外）孙女
grandfather	n. 祖父；始祖；v. 不受新规定限制
grandmother	n. 祖母；女祖先；v. 当...的祖母；当祖母
grandparent	n. 祖父母；祖父或祖母；外祖父母
grandson	n.（外）孙子
grape	n. 葡萄
grass	n. 草；草场；牧草
gravity	n. 重力；地心引力；严重性
gray	adj. 灰色的；灰白的
great	adj. 伟大的；重要的；好极了；adv.（口语）好极了；很好
green	adj. 绿色的；青的；n. 绿色
greet	v. 问候；向......致敬
ground	n. 地面；土地；范围；v. 研磨；压迫；使接触地面；adj. 土地的；地面上的；磨碎的
group	n. 组；群
grow	v. 生长；发育；种植；变成
grow up	phr. 长大
guard	n. 守卫；警戒；护卫队；v. 警惕；保卫；监视
guess	v. 猜
guest	n. 客人；宾客
guide	n. 向导；导游者
guitar	n. 吉他；六弦琴
gun	n.炮；枪
habit	n. 习惯；习性
had better	phr. 最好
hair	n. 头发
half	adj./n. 半；一半；半个
hall	n. 大厅；会堂；礼堂；过道
ham	n. 火腿
hamburger	n. 汉堡包
hand	n. 手；指针；v. 递；给；交付；交上
hand in	phr. 上交
hand out	phr. 分发
handbag	n. 女用皮包；手提包
handsome	adj. （男子）英俊的；可观的；大方的
hang	v. 悬挂；吊着；把......吊起 hang （hung； hung） 绞死
hang out	phr. 闲逛；常去某处
happen	v.（偶然）发生；碰巧
happy	adj. 幸福；快乐的；高兴的
hard	adv. 努力地；猛烈地；adj. 硬的；困难的；艰难的
hard-working	adj. 勤勉的；勤奋的；勤劳的
hardly	adv. 几乎不
harm	n./v. 伤害；损伤
harmful	adj. 有害的；能造成损害的
harvest	n./v. 收割；收获（物）
hat	n. 帽子（一般指有边的）；礼帽
hate	v./n. 恨；讨厌
have	v. 有；吃；喝；进行；经受
have a cold	phr. 感冒
have a good time	phr. 玩得开心
have a look	phr. 看一看
have a rest	phr. 休息一下
have to	phr. 不得不；必须
he	pron. 他
head	n. 头；头脑；首脑；标题；adj. 头部的；主要的；v. 率领；驶向
headache	n. 头疼
headline	n. 大标题；内容提要；栏外标题；v. 给...加标题；使成为注意中心；大力宣传
headmaster	n.（英）中小学校长
health	n. 健康；卫生
healthy	adj. 健康的；健壮的
hear	v. 听见；听说
hear from	phr. 收到......的来信
heart	n. 心；心脏；纸牌中的红桃
heat	n. 热；v. 把......加热
heavy	adj. 重的
height	n. 高地；高度；身高
hello	interj. 喂；你好（表示打招呼；问候或唤起注意）
helmet	n. 钢盔；头盔
help	n./v. 帮助；帮忙
help oneself to	phr. 随便吃；自取
helpful	adj. 有帮助的；有益的
hen	n. 母鸡
her	pron. 她（宾格）；她的
here	adv. 这里；在这里；向这里
hero	n. 英雄；勇士；男主角
hers	pron. 她的
herself	pron. 她自己
hide	v. 把......藏起来；隐藏
high	adj. 高的；高度的；adv. 高地
hill	n. 小山；丘陵；土堆；斜坡
him	pron. 他（宾格）
himself	pron. 他自己
hire	n. 雇用；租用；租金；v. 雇用；出租；租用
his	pron. 他的
history	n. 历史；历史学
hit	n./v. 打；撞；击中
hobby	n. 业余爱好；嗜好
hold	v. 拿；抱；握住；举行；进行
hold on	phr. 稍等；坚持
hole	n. 洞；坑
holiday	n. 假日；假期
home	n. 家；adv. 到家；回家
hometown	n. 故乡
homework	n. 家庭作业
honest	adj. 诚实的；正直的
honey	n. 蜂蜜；宝贝；甜蜜；adj. 甘美的；蜂蜜似的；v. 对...说甜言蜜语；加蜜使甜；奉承
hope	n./v. 希望
hopeless	adj. 没有希望的
horse	n. 马
hospital	n. 医院
host	n. 主机；主人；主持人；v. 主持；当主人招待；群集
hot	adj. 热的
hotel	n. 旅馆；饭店；宾馆
hour	n. 小时
house	n. 房子；住宅
housework	n. 家务劳动
how	adv. 怎样；如何；多么
however	adv. 可是；conj. 然而；可是；尽管如此
hug	v. 拥抱
huge	adj. 巨大的；庞大的
human	adj. 人的；人类的
humorous	adj. 诙谐的；幽默的；滑稽的
hundred	num. 百
hundreds of	phr. 数百；成百上千
hunger	n. 饥饿
hungry	adj.（饥）饿的
hunt	n. 狩猎；搜寻；v. 打猎；搜索；搜寻
hurry	v. 赶快；急忙
hurt	v. 伤害；受伤；伤人感情
husband	n. 丈夫
hydrogen	n. 氢
i	pron. 我
ice	n. 冰
idea	n. 主意；意见；打算；想法
idiom	n. 习语；成语
if	conj. 如果；假使；是否；是不是
ill	adj. 有病的；不健康的
illness	n. 疾病
imagine	v. 想像；设想
immediately	adv. 立即
importance	n. 价值；重要；重大
important	adj. 重要的
impossible	adj. 不可能的
impress	n. 印象；印记；特征；v. 给人印象；盖印；强征
impression	n. 印象；效果；影响
improve	v. 改进；更新
in	prep. 在......里（内）；在；adv. 在家；在内；向内
in a hurry	phr. 匆忙地
in common	phr. 共同；共有
in danger	phr. 处于危险中
in fact	phr. 事实上
in front of	phr. 在......前面
in order to	phr. 为了
in public	phr. 公开地；在公共场合
in surprise	phr. 惊讶地
in the end	phr. 最后；终于
in time	phr. 及时
inch	n. 英寸
include	v. 包含；包括
increase	v./n. 增加；繁殖
indeed	adj. 确实；实在
industry	n. 产业；工业；勤勉
influence	n. 影响；势力；感化；v. 影响；改变
information	n. 信息
insect	n. 昆虫
inside	prep. 在......里面；adv. 在里面
insist	v. 坚持；坚决认为
instead	adv. 代替；反而；相反
instead of	phr. 代替；而不是
instruction	n. 说明；须知；教导
instrument	n. 仪器；工具；乐器
interest	n. 兴趣；趣味；利息
interesting	adj. 有趣的
international	adj. 国际的
interview	n. 接见；采访；面试；v. 采访；接见；对...进行面谈
into	prep. 到......里；向内；变成
introduce	v. 介绍
introduction	n. 介绍；引进；采用
invent	v. 发明；创造
invention	n. 发明；创造
invitation	n. 邀请；引诱；请帖
invite	v. 邀请；招待
iron	n. 熨斗；烙铁；坚强；adj. 铁的；残酷的；刚强的；v. 熨；用铁铸成；熨衣
island	n. 岛
its	pron. 它的
itself	pron. 它自己
jacket	n. 短上衣；夹克衫
jeans	n. 牛仔裤；工装裤
job	n. （一份）工作
join	v. 参加；加入；连接；会合
joke	n. 笑话
journey	n. 旅行；路程
joy	n. 欢乐；高兴；乐趣
juice	n. 汁、液
jump	n. 跳跃；跳变；v. 跳跃；惊起；猛扑
junior	adj. 初级的；年少的
just	adv. 刚才；恰好；不过；仅；adj. 公正的
kangaroo	n. 大袋鼠
keep	v. 保持；保存；继续不断；v. 培育；饲养
keep in touch with	phr. 与......保持联系
keep on	phr. 继续
key	n. 钥匙；答案；键；关键
keyboard	n. 键盘
kick	v./n. 踢
kid	n. 小孩
kill	v. 杀死；弄死
kilo	n. 千克；千米
kilometer	n. 公里；千米
kind	n. 种；类；adj. 善良；友好的
kindness	n. 仁慈；好意；友好的行为
king	n. 国王
kiss	n./v. 吻；亲吻
kitchen	n. 厨房
kite	n. 风筝
knee	n. 膝盖
knife	n. 小刀；匕首；刀片
knock	n./v. 敲；打；击
knock at	phr. 敲
know	v. 知道；了解；认识；懂得
knowledge	n. 知识；学问
lab	n. 实验室
lady	n. 女士；夫人
lake	n. 湖
lamp	n. 灯；油灯；光源
land	n. 陆地；土地；v. 登岸（陆）降落
language	n. 语言
lantern	n. 灯笼；提灯；灯笼式天窗
large	adj. 大的；巨大的
last	adj. 最后的；adv. 最后地；n. 最后；v. 持续
late	adj. 晚的；迟的；adv. 晚地；迟地
later	adj. 晚些的；迟些的
laugh	n./v. 笑；大笑；嘲笑
laugh at	phr. 嘲笑
law	n. 法律；法令；定律
lay	v. 放；搁
lazy	adj. 懒惰的
lead	v. 领导；带领；n. 铅
leader	n. 领袖；领导人
leaf	n. （树；菜）叶
league	n. 联盟；社团
learn	v. 学；学习；学会
learn from	phr. 向......学习
least	det. 最少的；adv. 最少地
leather	n. 皮革
leave	v. 离开；把......留下；剩下
leave for	phr. 动身前往
left	adj. 左边的；adv. 向左；n. 左边
leg	n. 腿；腿脚；支柱
lemon	adj. 柠檬色的；n. 柠檬
lend	v. 借（出）；把......借给
less	det. 较少的；adv. 较少地
lesson	n. 课；功课；教训
let	v. 让
letter	n. 信；字母
level	n. 水平；标准；水平面；adj. 水平的；平坦的；同高的；v. 瞄准；拉平；变得平坦
librarian	n. 图书管理员；（西方的）图书馆馆长
library	n. 图书馆；图书室
licence	n. 许可证；执照；特许；v. 特许；许可；发给执照
license	n. 执照；许可证
lie	v. 躺；卧；平放；位于n./v.（lied；lied） 说谎
life	n. 生命；生涯；生活；人生；生物
lift	v. 举起；抬起；（云、烟等）消散；n. （英）电梯
light	n. 光；光亮；灯；灯光；v. 点（火）；点燃；adj. 明亮的；轻的；浅色的
like	prep. 像；跟......一样；v. 喜欢；喜爱
limit	n. 限制；限度；界线；v. 限制；限定
line	n. 绳索；线；排；行；线路；v. 画线于；（使）成行
lion	n. 狮子
lip	n. 嘴唇
list	n. 一览表；清单
listen	v. 听；仔细听
listen to	phr. 听
litter	v. 乱丢杂物
little	adj. 小的；少的；adv. 很少地； 稍许；n. 没有多少
live	v. 生活；居住；活着；adj. 活的；活着的；现场（直播）的
lively	adj. 活泼的；充满生气的
local	n. 局部；当地居民；本地新闻；adj. 当地的；局部的；地方性的
lock	n. 锁；v. 锁；锁上
lonely	adj. 孤独的；寂寞的
long	adj. 长的；远；adv. 长久
look	n. 看；瞧；v. 看；观看；v. link 看起来
look after	phr. 照顾；照料
look at	phr. 看
look for	phr. 寻找
look forward to	phr. 期待；盼望
look like	phr. 看起来像
look out	phr. 当心；向外看
look through	phr. 浏览；快速查看
lose	v. 失去；丢失
lot	n. 许多；好些
loud	adj. 大声的
loudly	adv. 大声地
love	n./v. 爱；热爱；很喜欢
lovely	adj. 美好的；可爱的
low	adj./adv. 低；矮
luck	n. 运气；好运
lucky	adj. 运气好；侥幸
lunch	n. 午餐；午饭
machine	n. 机器
mad	adj. 疯狂的；发疯的；愚蠢的；n. 狂怒
madam	n. 夫人；女士
magazine	n. 杂志
magic	adj. 有魔力的
mail	n. 邮政；邮递；v. （美）邮寄
main	adj. 主要的
major	adj. 主要的；重要的；主修的；n. 成年人；主修科目；陆军少校；v. 主修
make	v. 制造；做；使得
make a decision	phr. 作出决定
make a difference	phr. 产生影响；有作用
make friends	phr. 交朋友
make fun of	phr. 取笑
make progress	phr. 取得进步
make sure	phr. 确保；查明
man	n. 成年男人；人类
manage	v. 管理；设法对付
manager	n. 经理
manner	n. 方式；习惯；种类
many	pron. 许多人（或物）adj. 许多的
map	n. 地图
mark	n. 标记；v. 标明；作记号于
market	n. 市场；集市
marry	v.（使）成婚；结婚
mask	n. 面具；口罩；掩饰；v. 掩饰；戴面具；化装
master	v. 控制；精通；征服；n. 硕士；主人；大师；adj. 主人的；主要的；熟练的
match	v. 使相配；使成对；n. 比赛；竞赛；n. 火柴
material	adj. 重要的；物质的；实质性的；n. 材料；原料；物资
math	n. 数学
matter	n. 要紧事；要紧； 事情；问题；v. 要紧；有重大关系
maybe	adv. 可能；大概；也许
me	pron. 我（宾格）
meal	n. 一餐（饭）
mean	v. 意思；意指
meaning	n. 意思；含意
meat	n.（猪、牛、羊等的）肉
medal	n. 勋章；奖章；纪念章
medical	adj. 医学的；药的；内科的；n. 医生；体格检查
medicine	n. 药；医学；内科；v. 用药物治疗；给...用药
medium	adj. 中间的；中等的；半生熟的；n. 方法；媒体；媒介
meet	v./n. 遇见；见到 会；集会
meeting	n. 会；集会；会见；汇合点
member	n. 成员；会员
memory	n. 回忆；记忆
mention	n. 提及；记载；v. 提到；说起
menu	n. 菜单
merry	adj. 高兴的；愉快的
mess	n. 混乱；食堂；伙食团；v. 弄乱；弄脏；毁坏
message	n. 消息；音信
metal	n. 金属；adj. 金属制成的
meter	n. 米；公尺
method	n. 方法；条理；类函数；adj. 使用体验派表演方法的
middle	n. 中间；当中；中级的
midnight	n. 午夜
might	modal v. 可能；也许
mile	n. 英里
milk	n. 牛奶；v. 挤奶
mind	n. 思想；想法；v.介意；关心
mine	n. 矿藏；矿山；v. 开采（矿物）；pron. 我的
minus	prep./adj.负的；减去的
minute	n. 分钟；一会儿；瞬间
mirror	n. 镜子
missing	adj. 失踪的；缺少的；v. 错过；想念；漏掉
mistake	n. 错误；v. 弄错
mistress	n. 情妇；女主人；主妇
mix	v. 配制；混淆；使混和；n. 混合；混合物；混乱
mobile	adj. 活动的；可移动的
model	n. 模型；原形；范例；模范
modern	adj. 现代的
modest	adj. 谦虚的；谦逊的；适度的
moment	n. 片刻；瞬间
money	n. 钱；货币
monitor	n.（班级内的）班长；纠察生；监视器
monkey	n. 猴子
month	n. 月；月份
moon	n. 月球；月光；月状物
more	det. 更多的；adv. 更；pron. 更多
more and more	phr. 越来越多
morning	n. 早晨；上午
most	det. 大多数的；adv. 最；pron. 大多数
mother	n. 母亲
mountain	n. 山；山脉
mouse	n. 鼠；耗子；（计算机）鼠标
mouth	n. 嘴；口
move	v. 移动；搬动；搬家
movie	n.（口语）电影
much	adj./adv. 许多；大量；非常；更加
museum	n. 博物馆；博物院
music	n. 音乐；乐曲
musician	n. 音乐家
must	modal v. 必须；一定
mutton	n. 羊肉
my	pron. 我的
myself	pron. 我自己
name	n. 名字；姓名；名称；v. 命名；名叫
narrow	adj. 狭窄的
nation	n. 民族；国家
national	adj. 国家的；全国性的；民族的
natural	adj. 自然的
nature	n. 自然； 性质；种类
near	adj. 近的；adv. 附近；邻近；prep. 在......附近；靠近
nearby	adj. 附近的
nearly	adv. 将近；几乎
necessary	adj. 必需的；必要的
neck	n. 颈；脖子
necklace	n. 项链
need	n. 需要；需求；aux./v. 需要；必须
neighbor	n. 邻居；邻人
neither	adj.（两者）都不；也不
nervous	adj. 紧张不安的
net	n. 网
network	n. 网络；网状系统
never	adv. 决不；从来没有
new	adj. 新的；新鲜的
news	n. 新闻；消息
newspaper	n. 报纸
next	adj. 下一个的；紧挨着的；隔壁的；adv. 随后；然后；下一步
nice	adj. 令人愉快；好的；漂亮的
night	n. 夜；夜间
nine	num. 九
nineteen	num. 十九
ninety	num. 九十
ninth	num. 第九
no	adv. 不；不是；adj. 没有；无；不
no longer	phr. 不再
nobody	n. 渺小人物；pron. 没有人；谁也不
nod	v. 点头
noise	n. 声音；噪声；喧闹声
noisy	adj. 喧闹的；嘈杂的
none	pron. 无任何东西； 无一人
noodle	n. 面条
noon	n. 中午；正午
nor	conj. 也不
normal	n./adj. 正常的（状态）
northeast	n. 东北（部）
northern	adj. 北方的；北部的
northwest	n. 西北
nose	n. 鼻子
not	adv. 不；没
note	n. 便条；笔记；注释；钞票；音调
notebook	n. 笔记簿
nothing	n. 没有东西；没有什么
notice	n. 布告；通告；注意；v. 注意；注意到
novel	n.（长篇）小说
now	adv. 现在
nowadays	adv. 现今；时下；n. 当今
nowhere	adv. 任何地方都不；无处
number	n. 数；数字；号码；数量
nurse	n. 护士；保姆；保育员
obey	v. 服从；顺从；听从
object	n. 物；物体；宾语
ocean	n. 海洋
of	prep. .......的
of course	phr. 当然
off	prep. 离开；脱离；（走）开
offer	n./v. 提供；建议
office	n. 办公室
officer	n. 军官；警官；公务员；v. 指挥
official	adj. 官方的；正式的；公务的；n. 官员；公务员；高级职员
often	adv. 经常；常常
oil	n. 油
ok	adv.（口语）好；对；不错
old	adj. 老的；旧的
on	prep. 在......上（时）；关于；adv. 接通；进行下去；（电灯）开
on duty	phr. 值日；值班
on foot	phr. 步行
on one's way	phr. 在某人去......的路上
on the phone	phr. 在电话中
on time	phr. 准时
once	n./adv. 一次；一度；从前；conj. 一旦
once upon a time	phr. 从前
one	pron. 一（个；只......）
one another	phr. 互相；彼此
onion	n. 洋葱；洋葱头
online	adj. 在线的；adv. 在线
only	adj. 惟一的；仅有的；adv. 仅仅；只；才
onto	prep. 到......的上面
open	adj. 开着的；开的；v. 开；打开
opening	n. 开始；机会；通路；adj. 开始的；v. 开放；打开；公开
opera	n. 歌剧
operate	v. 做手术；运转；实施；负责； 经营；管理
operation	n. 操作；经营；手术
opinion	n. 看法；见解
opposite	adj. 相反的；对面的；对立的；n. 对立面；反义词；prep. 在...的对面
or	conj. 或；就是；否则
orange	n. 橘子；橙子；橘汁；adj. 橘色的；橙色的
order	v. 定购；定货；点菜n. 顺序
ordinary	adj. 普通的；平常的
organize	v. 组织；使有系统化；给予生机
other	pron. 别人；别的东西；adj. 别的；另外的
otherwise	adv. 否则；另外；在其他方面；adj. 另外的；其他方面的；原本；conj. 其他；如果不；然后
our	pron. 我们的
ours	pron. 我们的
ourselves	pron. 我们自己
out	adv. 出外；在外；向外；熄
outdoors	adv. 在户外； 在野外
outgoing	adj. 对人友好的；开朗的；出发的；n. 外出；流出；开支；v. 超过；优于
outside	n. 外面；adv. 在外面；向外面；prep. 在......外面
over	prep. 在......上方；越过；遍及；adv. 翻倒；遍布；越过；结束
overcome	v. 克服；胜过；得胜
own	adj. 自己的；v. 拥有；所有
owner	n. 物主；所有人
oxygen	n. 氧气；氧
pack	n. 包；捆；（猎犬、野兽的）一群；v. （为运输或储存而）打包
packet	n. 小包裹；袋
page	n. 页；页码
pain	n. 疼痛；疼
paint	n. 油漆；v. 油漆；粉刷；绘画
painter	n. 绘画者；（油）画家
painting	n. 油画；水彩画
pair	n. 一双；一对
palace	n. 宫；宫殿
pale	adj. 苍白的；灰白的
pancake	n. 薄烤饼；粉饼；平降；v. 使平坠著陆；使平展；平坠着陆
panda	n. 熊猫
paper	n. 纸；报纸
paragraph	n. 段落；短评；段落符号；v. 将...分段
pardon	n. 原谅；宽恕；对不起
parent	n. 父（母）；双亲
park	n. 公园；v. 停放（汽车）
parking	n. 停车
parrot	n. 鹦鹉
part	n. 部分；角色；部件；零件；adj. 局部的；部分的
part-time	adj. 兼职的；部分时间的；adv. 兼职地；用部分时间地
partner	n. 伙伴；合伙人；配偶；v. 使合作；与...合伙；合伙
party	n. 聚会；晚会；党派
pass	v. 传；递；经过；通过
passage	n.（文章等的）一节；一段；通道；走廊
passenger	n. 乘客；旅客
passport	n. 护照
past	adv. 过；n. 过去；昔日；往事；prep. 过......；走过某处
path	n. 小道；小径
patient	n. 病人
pattern	n. 模式；图案；样品；v. 模仿；以图案装饰；形成图案
pay	v. 付款；支付；n. 工资；报酬
pay attention to	phr. 注意
pay for	phr. 为......付款
pea	n. 豌豆
peace	n. 和平
peaceful	adj. 和平的；爱好和平的；平静的
pear	n. 梨子；梨树
pen	n. 钢笔；笔
pencil	n. 铅笔
penny	n. 便士；美分
people	n. 人；人们；人民
pepper	n. 胡椒粉
per	prep. 每；经；按照
percent	n. 百分比；百分率；部分；adj. 百分之...的；adv. 以百分之...地
perfect	n. 完成式；adj. 完美的；最好的；精通的；v. 使完美；使熟练
perform	v. 执行；完成；演奏
performance	n. 演出；表演
perhaps	adv. 可能；或
period	n. 周期；期间；时期；adj. 某一时代的
person	n. 人
personal	adj. 个人的；私人的
pet	n. 宠物；爱畜
phone	v. 打电话；n. 电话；电话机
photo	n. 照片
physical	n. 体格检查；adj. 物理的；身体的；物质的
physics	n. 物理（学）
pianist	n. 钢琴家
piano	n. 钢琴
pick	v. 拾起；采集；挑选
pick up	phr. 捡起；接人；学会
picnic	n./v. 野餐
picture	n. 图片；画片；照片
pie	n. 甜馅饼
piece	n. 一块（片；张；件......）
pig	n. 猪
pile	n./v. 堆
pill	n. 药丸；药片
pilot	n. 飞行员
ping-pong	n. 乒乓球
pink	adj. 粉红色的
pioneer	n. 先锋；开拓者
pipe	n. 管；烟斗；笛；v. 用管道输送；尖声唱；用管乐器演奏
pity	n. 怜悯；同情
place	n. 地方；处所；v. 放置；安置；安排
plan	n./v. 计划；打算
plane	n. 飞机
planet	n. 行星
plant	v. 种植；播种；n. 植物
plastic	n. 塑料；adj. 塑料的
plate	n. 板；片；牌；盘子；盆子
play	v. 玩；打（球）；游戏；播放；n. 玩耍；戏剧
player	n. 比赛者；选手
playground	n. 操场；运动场
pleasant	adj. 令人愉快的；舒适的
please	v. 请；使人高兴；使人满意
pleased	adj. 高兴的
pleasure	n. 高兴；愉快
plenty	n. 充足；大量
plenty of	phr. 大量；充足
plot	n. 情节；图；阴谋；v. 密谋；绘图；划分
pocket	n.（衣服的）口袋
poem	n. 诗
poet	n. 诗人
point	v. 指；指向；n. 点；分数
point at	phr. 指着
point out	phr. 指出
police	n. 警察；警务人员
policeman	n. 警察；巡警 policewoman （ -women）；n. 女警察
policewoman	n. 女警察；女警官
policy	n. 政策；方针；保险单
polite	adj. 有礼貌的；有教养的
politely	adv. 有礼貌地；客气地；委婉地
pollute	v. 污染
pollution	n. 污染
pond	n. 池塘；v. 筑成池塘
pool	n. 水塘；水池
poor	adj. 贫穷；可怜；不好的；差的
popcorn	n. 爆米花；爆玉米花
popular	adj. 流行；大众；受欢迎的
population	n. 人口；人数
pork	n. 猪肉
porridge	n. 稀饭；粥
position	n. 位置；方位；职位；v. 安置；把......放在适当位置
possible	adj. 可能的
post	n. 邮政；邮寄；邮件；v. 投寄；邮寄
postcard	n. 明信片
postman	n. 邮递员
pot	n. 壶；盆；罐；v. 把...装罐；射击；节略
potato	n. 土豆；马铃薯
pound	n. 磅；英镑
pour	v. 倾泻；不断流出
power	n. 力量；能力；电力；adj. 借影响有权势人物以操纵权力的；v. 激励；供以动力；使...有力量
powerful	adj. 强大的；强有力的；adv. 很；非常
practical	adj. 实际的；实用性的
practice	n. 练习
praise	n./v. 赞扬；表扬
prefer	v.宁愿（选择）；更喜欢
preparation	n. 预备；准备
prepare	v. 准备；预备；调制；配制
present	adj. 出现的；出席的；n. 礼物；赠品；v. 呈奉；奉送
president	n. 总统；董事长；校长
pressure	n. 压力；压迫；压强；v. 迫使；密封；使......增压
pretend	v. 假装；伪装；模拟；adj. 假装的
pretty	adj. 漂亮的；俊俏的
prevent	v. 防止； 预防
price	n. 价格；价钱
pride	n. 自豪；骄傲
primary	n. 原色；最主要者；adj. 主要的；初级的；基本的
print	v. 印刷
prison	n. 监狱；监禁；拘留所；v. 监禁；关押
private	n. 列兵；二等兵；adj. 私人的；私有的；私下的
prize	n. 奖赏；奖品
probably	adv. 很可能；大概
problem	n. 问题；难题
process	n. 过程；进行；方法；adj. 经过特殊加工（或处理）的；v. 处理；加工；列队前进
produce	v. 生产；制造
product	n. 产品；结果；乘积
production	n. 成果；产品；生产
professor	n. 教授
program	n. 节目；项目
progress	n. 进步；上进；v. 进展；进行
project	n. 项目；课题
promise	n./v. 答应；允诺
pronounce	v. 发音
pronunciation	n. 发音
proper	adj. 恰当的；合适的
properly	adv. 适当地；正确地；恰当地
protect	v. 保护
proud	adj. 自豪的；骄傲的
prove	v. 证明是；证明；检验
provide	v. 提供
province	n. 省
public	adj. 公共；公众的；n. 公众
pull	v. 拉；拖；n. 拉力
punish	v. 惩罚；严厉对待；贪婪地吃喝
pupil	n.（小）学生
purple	n./adj. 紫色
purpose	n. 目的；用途；意志；v. 决心；企图；打算
push	n./v. 推
put	v. 放；摆
put away	phr. 收好；储存
put off	phr. 推迟
put on	phr. 穿上；上演；增加体重
put out	phr. 扑灭；熄灭
put up	phr. 张贴；搭建；举起
puzzle	n. 谜；难题；迷惑；v. 使...困惑；使...为难；苦思而得出
pyramid	n.（古埃及）金字塔
quality	n. 质量；品质；特性；adj. 优质的；高品质的；<英俚>棒极了
quarrel	v. 争吵；吵架
quarter	n. 四分之一；一刻钟
queen	n. 皇后；女王
question	v. 询问；n. 问题
queue	n. 行列；长队
quick	adj. 快；敏捷的；急剧的
quickly	adv. 迅速地；很快地
quiet	adj. 安静的；寂静的
quite	adv. 完全；十分
quiz	n. 测验；小型考试
rabbit	n. 兔；家兔
race	n. 种族；民族；v.（速度）竞赛；比赛；n. 赛跑；竞赛
radio	n. 无线电；收音机
railway	n. 铁路；铁道
rain	n. 雨；雨水；v. 下雨
rainbow	n. 彩虹；五彩缤纷的排列；幻想；adj. 五彩缤纷的；彩虹状的；v. 使呈彩虹状；如彩虹般装饰；呈彩虹状
raincoat	n. 雨衣
rainy	adj. 下雨的；多雨的
raise	v. 使升高；饲养
rapid	n. 急流；高速交通工具；高速交通网；adj. 迅速的；急促的；飞快的
rather	adv. 相当；宁可
rather than	phr. 而不是
reach	v. 到达；伸手（脚）够到
read	v. 读；朗读
ready	adj. 准备好的
real	adj. 真实的；确实的
realize	v. 认识到；实现
really	adv. 实际上；事实上；真正地
reason	n. 理由；原因
receive	v. 收到；得到
recent	adj. 近来的；最近的
recently	adv. 最近；新近
recommend	v. 推荐；介绍；劝告
record	n. 记录；唱片
recover	n. 还原至预备姿势；v. 恢复；弥补；重新获得
recycle	v. 回收利用
red	n. 红色；adj. 红色的
reduce	v. 减少；缩小；归纳为
reflect	v. 反映；反射；照出
refuse	v. 拒绝；不愿
regard	v. 把......看作
regret	n./v. 可惜；遗憾；痛惜；哀悼
regular	n. 常客；正式队员；中坚分子；adj. 定期的；有规律的；合格的；adv. 定期地；经常地
relationship	n. 关系
relative	n. 亲戚；相关物；关系词；adj. 相对的；有关系的；成比例的
relax	v.（使）放松；轻松
remain	v. 余下；留下；v. 保持；仍是
remember	v. 记得；想起
remind	v. 提醒；使想起
repair	n./v. 修理；修补
repeat	v. 重说；重做
reply	n. 回答；答复
report	n./v. 报道；报告
reporter	n. 记者
represent	v. 代表；表现；描绘
request	n. 请求；需要；v. 要求；请求
require	v. 需要；要求；命令
research	n. 研究；调查
resource	n. 资源
respect	n. 尊敬；尊重；方面；v. 尊敬；尊重；遵守
rest	n. 休息；剩余的部分；其余的人（物）；v. 休息；歇息
restaurant	n. 饭馆； 饭店
result	n. 结果；效果
return	v. 归还
review	v. 重新调查；回顾；复习；n. 复查；复习；评论
rhyme	n. 韵律；韵脚；韵文；v. 使押韵；用韵诗表达；把...写作诗
rice	n. 稻米；米饭
rich	adj. 富裕的；有钱的
riddle	n. 谜（语）
ride	v. 骑（马、自行车）；乘车；n. 乘车旅行
right	n. 权利；adj. 对；正确的；adv. 正确地；恰恰；完全地；adj. 右；右边的
right away	phr. 立刻；马上
ring	v.（钟、铃等）响；打电话；n. 铃声；n. 环形物（如环、圈、戒指等）
rise	v. 上升；上涨
risk	n. 风险；危险；冒险；v. 冒...的危险
river	n. 江；河；水道；巨流
road	n. 路；道路
robot	n. 机器人
rock	n. 岩石；大石头；v. 摇；摇晃
rocket	n. 火箭；v. 用火箭运载；飞驰；飞快地移动
role	n. 角色；任务
roll	n. 卷；卷形物；名单；v. 卷；滚动；转动
room	n. 房间；室；空间；地方
rope	n. 绳；绳索；v. 捆；绑；拧成绳状
rose	n. 玫瑰
round	adv. 转过来；prep. 环绕一周；围着；adj. 圆的；球形的
row	n.（一）排；（一）行；v. 划船
rubber	n. 橡胶；合成橡胶
rubbish	n. 垃圾；废物
rude	adj. 无理的； 粗鲁的
rule	n. 规则；规定；v. 统治；支配
ruler	n. 统治者；直尺
run	v. 跑；奔跑；（颜色）褪色
run away	phr. 逃跑
rush	v. 冲；奔跑
sad	adj.（使人）悲伤的
safe	adj. 安全的；n. 保险柜
safety	n. 安全；保险
sail	n. 航行；v. 航行；开航
salad	n. 色拉
sale	n. 卖；出售
salt	n. 盐
same	n. 同样的事；adj. 同样的；同一
sand	n. 沙；沙子
sandwich	n. 三明治（夹心面包片）
satellite	n. 卫星
satisfaction	n. 满意
satisfy	v. 满足；使满意
save	v. 救；挽救；节省
say	v. 说；讲
saying	n. 话；谚语；言论；v. 说
scare	n. 恐慌；惊吓；惊恐；v. 惊吓；把...吓跑；受惊；adj. （美）骇人的
scarf	n. 围巾；嵌接；嵌接处；v. 披嵌接；用围巾围
scene	n. 场面；情景；景象
school	n. 学校
schoolbag	n. 书包
science	n. 科学；自然科学
scientific	adj. 科学的
scientist	n. 科学家
scissors	n. 剪刀；剪子
score	n./v. 得分；分数；二十
scream	n. 尖叫声；尖锐刺耳的声音；极其滑稽可笑的人；v. 尖叫；呼啸；发出尖锐刺耳的声音
screen	n. 幕；荧光屏
sea	n. 海；海洋
search	n./v. 搜寻；搜查
season	n. 季；季节
seat	n. 座位；座
second	n. 秒；num. 第二；adj. 第二的
secret	n. 秘密；内情
secretary	n. 秘书；书记
see	v. 看见；看到；领会；拜会
seed	n. 种子；根据；精液；v. 播种；结实；成熟
seem	v. 似乎；好像
seldom	adv. 很少；不常
sell	v. 卖；售
send	v. 打发；派遣；送；邮寄
senior	n. 上司；较年长者；毕业班学生；adj. 高级的；年长的；地位较高的
sense	n. 感觉；功能；观念；v. 感觉到；检测
sentence	n. 句子
separate	v. 使分开；使分离；adj. 单独的；分开的
serious	adj. 严肃的；严重的；认真的
servant	n. 仆人；佣人
serve	v. 招待（顾客等）；服务
service	n. 服务；服侍；服役；adj. 服务性的；耐用的；服现役的；v. 维修；检修；保养
set	v. 释放；安置；n. 装备；设备
set up	phr. 建立；设立
seven	num. 七
seventeen	num. 十七
seventh	num. 第七
seventy	num. 七十
several	pron. 几个；数个；adj. 若干
shade	n. 树荫；阴影；阴凉处；v. 使阴暗；使渐变；为...遮阳
shake	n. 摇动；哆嗦；v. 动摇；摇动；震动
shall	modal v. 将；应该
shame	n. 羞耻；羞愧；憾事；v. 使丢脸；使羞愧
shape	n. 形状；外形；v. 使成型；制造；塑造
share	v. 分享；共同使用
shark	n. 鲨鱼；骗子；v. 敲诈；诈骗
sharp	adj. 锋利的；尖的
she	pron. 她
sheep	n.（绵）羊；羊皮；驯服者
shine	v. 发光；照耀；n. 光泽；光彩
ship	n. 船；轮船；v. 用船装运
shirt	n. 男衬衫
shoe	n. 鞋
shoot	v. 射击；射中；发射
shop	v. 买东西；n. 商店；车间
shopkeeper	n. 店主；老板
shopping	n. 买东西
short	adj. 短的；矮的
shorts	n. 短裤
should	modal v. 应该；应当
shoulder	n. 肩；肩膀；肩部；v. 用肩推挤；用肩顶；肩负
shout	n./v. 喊；高声呼喊
show	v. 给......看；出示；显示；n. 展示；演出
show up	phr. 出现；露面
shower	n. 阵雨；淋浴
shut	v./n. 关上；封闭；禁闭
shy	adj. 害羞的
sick	adj. 有病；患病的；（想）呕吐
side	n. 边；旁边；面；侧面
sight	n. 视力；景象；眼界；adj. 见票即付的；即席的；v. 看见；瞄准；观看
sightseeing	n. 观光；游览；v. 观光；游览；adj. 观光的；游览的
sign	n. 符号；标记
silence	n. 安静；沉默
silent	adj. 无声的；无对话的
silk	n.（蚕）丝；丝织品
silly	adj. 傻的；愚蠢的
silver	n. 银；银器；银币；adj. 银的；含银的；有银色光泽的；v. 镀银；使有银色光泽；变成银色
similar	n. 类似物；adj. 相似的
simple	adj. 简单的；简易的
simply	adv. 简单地；仅仅；简直
since	adv. 从那时以来；conj. 从......以来；......以后；由于；prep. 从......以来
sing	v. 唱；唱歌
single	adj. 单一的；单个的
sir	n. 先生；阁下
sister	n. 姐；妹
sit	v. 坐
situation	n. 形势；情况
six	num. 六
sixteen	num. 十六
sixth	num. 第六
sixty	num. 六十
size	n. 尺寸；大小
skate	v. 溜冰；滑冰
ski	n./v. 滑雪板；滑雪
skill	n. 技能；技巧；本领
skin	n. 皮肤；外皮；v. 剥皮；愈合；长皮
skirt	n. 女裙
sky	n. 天；天空
sleep	v. 睡觉
sleepy	adj. 欲睡的；困乏的；不活跃的
slow	adv. 慢慢地；缓慢地
small	adj. 小的；少的
smart	adj. 聪明的；巧妙的；敏捷的
smartphone	n. 智能手机
smell	v. 嗅；闻到；发气味；n. 气味
smile	n./v. 微笑
smoke	n. 烟；v. 冒烟；吸烟
smooth	n. 平滑部分；一块平地；adj. 顺利的；光滑的；平稳的；v. 使光滑；消除（障碍等）；使优雅
snake	n. 蛇；v. 蛇般爬行；蜿蜒行进
snow	n. 雪；v.下雪
snowy	adj. 下雪的；多雪的；被雪覆盖的
so	adv. 如此；这么；非常；同样；conj. 因此；所以
so far	phr. 到目前为止
so that	phr. 以便；因此
soccer	n. 英式足球；足球
social	n. 联谊会；联欢会；adj. 社会的；社交的；群居的
society	n. 社会
sock	n. 短袜
sofa	n.（长）沙发
soft	adj. 软的；柔和的
software	n. 软件
soil	n. 土壤；土地
solar	n. 日光浴室；adj. 太阳的；日光的；利用太阳光的
soldier	n. 士兵；战士
solve	v. 解决；解答；溶解
some	adj. 一些；若干；有些；某一；pron. 若干；一些
somebody	pron. 某人；有人；有名气的人
someone	pron. 某一个人
something	pron. 某事；某物
sometimes	adv. 有时
somewhere	adv. 在某处
son	n. 儿子
song	n. 歌唱；歌曲
soon	adv. 不久；很快；一会儿
sorry	adj. 对不起；抱歉；难过的
sort	n. 种类；方式；品质；v. 将...分类；将...排序；挑选出某物
sound	v. 听起来；发出声音；n. 声音
soup	n. 汤
sour	adj. 酸的；馊的
south	adj. 南（方）的；adv. 在南方；向南方；n. 南；南方；南部
southeast	n. 东南
southern	adj. 南部的；南方的
southwest	n. 西南
space	n. 空间
spaceship	n. 宇宙飞船
spare	n. 剩余；备用零件；v. 节约；吝惜；饶恕；adj. 多余的；瘦的；少量的
speak	v. 说；讲；谈话；发言
speaker	n. 演讲者；扬声器；说话者
special	adj. 特别的；专门的
speech	n. 演讲
speed	n. 速度；v.（使）加速
spell	v. 拼写
spelling	n. 拼写；拼字；拼法；v. 拼写；意味着；迷住
spend	n. 预算；v. 度过；消磨（时光）；花费
spin	n. 旋转；疾驰；v. 旋转；纺纱；吐丝
spirit	n. 精神
spoon	n. 匙； 调羹
sport	n. 体育运动；锻炼；（复；英）运动会
spread	n. 传播；伸展；adj. 伸展的；v. 传播；散布；展开
spring	n. 春天；春季；n. 泉水；泉
square	n. 广场；adj. 平方的；方形的；宽而结实的（体格；肩膀）
squirrel	n. 松鼠；松鼠毛皮；v. 贮藏
stage	n. 阶段；舞台；戏剧；v. 举行；上演；筹划
stair	n. 楼梯；阶梯；梯级
stamp	n. 邮票
stand	v. 站立；忍受；n. 立场；摊位
standard	n. 标准；水准；旗；adj. 标准的；合规格的；公认为优秀的
star	n. 星；恒星
stare	n. 凝视；注视；v. 凝视；盯着看；显眼
start	v. 开始；着手；出发
state	n. 状态；情形；国家；（美国的）州
station	n. 站；所；车站；电台
stay	n./v. 停留；逗留；呆
steal	v. 偷； 窃取
steam	n. 蒸汽；精力；adj. 蒸汽的；v. 蒸；散发；用蒸汽处理
steel	n. 钢铁；钢制品；坚固；adj. 钢制的；钢铁业的；坚强的；v. 钢化；使冷酷
step	n. 脚步；台阶；梯级；v. 走；跨步
stick	v. 粘住；钉住；坚持；n. 木棒（棍）；枝条
still	adj. 不动的；平静的；adv. 仍然；还
stomach	n. 胃；胃部
stomachache	n. 胃疼
stone	n. 石头；石料
stop	n. 停；（停车）站；v. 停；停止；阻止
store	n. 商店；v. 储藏；存储
storm	n. 风暴；暴（风）雨
story	n. 故事；小说
straight	adj. 一直的；直的；adv. 一直地；直地
strange	adj. 奇怪；奇特的；陌生的
stranger	n. 陌生人；外地人；局外人
strawberry	n. 草莓；草莓色
stream	n. 溪流；流动；潮流；v. 流出；涌出；使飘动
street	n. 街；街道
strength	n. 力量；力气；兵力
stress	n. 压力；强调；紧张；v. 强调；使紧张；加压力于
strict	adj. 严格的；严密的
strong	adj. 强（壮）的；坚固的；强烈的；坚强的
student	n. 学生
studio	n. 工作室；演播室；画室
study	v. 学习；研究；n. 书房
stupid	adj. 愚蠢的；笨的
style	n. 风格；时尚；类型；v. 设计；称呼；使合潮流
subject	n. 题目；主题；学科；主语；主体
succeed	v. 成功
success	n. 成功
successful	adj. 成功的；有成就的
such	adv. 那么；pron.（泛指）人；事物；adj. 这样的；那样的
such as	phr. 例如；像
sudden	adj. 突然的
suddenly	adv. 突然地；忽然
suffer	v. 遭受；忍受；受痛苦
sugar	n. 糖
suggest	v. 建议；提议
suggestion	n. 建议
suit	v. 适合；n. 一套（衣服）
suitable	adj. 适当的；相配的
summer	n. 夏天；夏季
sun	n. 太阳；阳光
sunlight	n. 日光；阳光
sunny	adj. 晴朗的；阳光充足的
sunshine	n. 阳光
super	adj. 顶好的；超级的
supermarket	n. 超级市场
supper	n. 晚餐；晚饭
support	n. 支持；维持；支援；v. 支持；支撑；支援
suppose	v. 猜想；假定；料想
sure	adj. 确信；肯定；adv. （口语）的确；一定；当然
surface	n. 表面；表层；外观；adj. 表面的；肤浅的；v. 使浮出水面；使成平面；浮出水面
surprise	v. 使惊奇；使诧异；n. 惊奇；诧异
survey	n. 调查；测量；审视；v. 调查；勘测；俯瞰
survive	v. 幸存；活下来；生还
sweater	n. 厚运动衫；毛衣
sweep	v. 扫除；扫
sweet	n. 甜食；蜜饯；甜点；糖果；芳香；adj. 甜的；可爱的；亲切的
swim	v. 游泳；游；n. 游泳；游
swimming	n. 游泳
swing	v. 挥舞；摆动；n. 秋千
symbol	n. 象征；符号；标志
system	n. 制度；体制；系统
t-shirt	n. T恤衫
table	n. 桌子；表格
tail	n. （动物的）尾巴
tailor	n. 裁缝
take	v. 拿；拿走；做；服用；乘坐；花费
take after	phr. 与......相像
take away	phr. 拿走；带走
take care of	phr. 照顾；处理
take part in	phr. 参加
take place	phr. 发生；举行
take pride in	phr. 为......感到自豪
take turns	phr. 轮流
tale	n. 故事； 传说
talent	n. 才能；天才；天资
talk	n./v. 谈话；讲话；演讲；交谈
talk about	phr. 谈论
talk with	phr. 与......交谈
tall	adj. 高的
tape	n. 磁带；录音带
task	n. 任务； 工作
taste	n. 品尝； 尝味；味道；v. 品尝； 尝味
taxi	n. 出租汽车
tea	n. 茶；茶叶
teach	v. 教书；教
teacher	n. 教师；教员
team	n. 队；组
technology	n. 技术；科技
teenager	n.（13~19岁的）青少年；十几岁的少年
telephone	v. 打电话；n. 电话
television	n. 电视
tell	v. 告诉；讲述；吩咐
temperature	n. 温度
temple	n. 庙宇；寺院；神殿
ten	num. 十
tennis	n. 网球（运动）
tent	n. 帐篷
tenth	num. 第十；十分之一；adj. 十分之一的；第十个的
term	n. 学期；术语；条款；项
terrible	adj. 可怕的；糟糕的
test	v./n. 测试； 考查；试验
text	n. 文本；课文
textbook	n. 课本；教科书
than	conj. 比
thank	v. 感谢；致谢；道谢；n.（复）感谢；谢意
thankful	adj. 感谢的；感激的
thanks to	phr. 多亏；由于
that	adj./pron.那；那个；conj. 那；那个；adv. 那么；那样
the	art. 这（那）个；这（那）些
theater	n. 剧场；戏院
their	pron. 他（她；它）们的
theirs	pron. 他（她；它）们的
them	pron. 他/她/它们（宾格）
themselves	pron. 他/她/它们自己
then	adv. 当时；那时；然后；那么
there	interj. 那!你瞧!；n. 那里；那儿；adv. 在那里；往那里
these	adj./pron. 这些
they	pron. 他（她）们；它们
thick	adj. 厚的
thin	adj. 薄的；瘦的；稀的
thing	n. 东西；（复）物品；用品；事情；事件
think	v. 想；认为；考虑
think about	phr. 考虑；思考
think of	phr. 想起；认为
third	num. 第三
thirsty	adj. 渴
thirteen	num. 十三
thirty	num. 三十
this	adj./pron.这；这个
those	adj./pron. 那些
though	conj. 虽然；可是
thought	n. 思想；想法；思考
thousand	num. 千
thousands of	phr. 数千；成千上万
three	num. 三
throat	n. 喉咙；嗓子；嗓音；v. 开沟于；用喉音说
through	prep. 穿（通）过；从始至终；adv. 穿（通）过；自始至终；全部
throw	v. 投；掷；扔
thunder	n. 雷；轰隆声；恐吓；v. 轰隆地发出；大声喊出；打雷
tick	v. 作记号；n. 记号；符号；滴答声
ticket	n. 票；卷
tidy	adj. 整洁的；干净的；v. 弄整洁；弄干净
tie	v.（用绳；线）系；拴；扎；n. 领带；绳子；结；关系
tiger	n. 老虎
till	conj./prep. 直到；直到......为止
time	n. 时间；时期；钟点；次；回；v. 测定......的时间；记录......的时间
tiny	adj. 微小的；很少的
tired	adj. 疲劳的；累的
title	n. 冠军；标题；头衔；adj. 冠军的；标题的；头衔的；v. 加标题于；赋予头衔；把...称为
to	prep. 给；对；向；到
today	adv./n. 今天；现在；当前
together	adv. 一起；共同
toilet	n. 厕所
tomato	n. 西红柿；番茄
tomorrow	adv./n. 明天
ton	n.（重量单位）吨
tonight	adv./n. 今晚；今夜
too	adv. 也；还；又；太；非常
tool	n. 工具；器具
tooth	n. 牙齿
toothache	n. 牙痛
top	n. 顶部；（物体的）上面
topic	n. 主题；题目；一般规则
total	adj. 总数的；完全的；n./v. 合计；总计
touch	v. 触摸；接触
tour	n. 参观； 观光； 旅行
tourist	n. 游客；观光者
toward	prep. 向；朝；对于
towards	prep. 朝；向；对于
towel	n. 毛巾
tower	n. 塔
town	n. 城镇；城
toy	n. 玩具； 玩物
trade	n. 商业；贸易；v. 交易
tradition	n. 传统；风俗
traditional	adj. 传统的；风俗的；惯例的
traffic	n. 交通；来往车辆
train	n. 火车；v. 培训；训练
training	n. 培训
translate	v. 翻译
transport	n. 运输；运输机；狂喜；v. 运输；流放；使狂喜
travel	n./v. 旅行
treasure	n. 财富；财产；财宝；v. 珍爱；珍藏
treat	v. 对待；看待
treatment	n. 治疗；疗法；处理
tree	n. 树
trick	n. 诡计；恶作剧；窍门；adj. 特技的；欺诈的；有决窍的；v. 欺骗；哄骗；装饰
trip	n. 旅行；旅程
trouble	v. 使苦恼；使忧虑；使麻烦；n. 问题；疾病；烦恼；麻烦
trousers	n. 裤子；长裤
truck	n. 卡车； 运货车；车皮
true	adj. 真的；真实的；忠诚的
truly	adv. 真实地；不假；真诚地
trust	n. 信任；信赖；责任；v. 信任；信赖；盼望
truth	n. 真理；事实；真相；实际
try	v. 试；试图；努力
try one's best	phr. 尽某人最大努力
turkey	n. 火鸡
turn	v. 旋转；翻转；转变；转弯；n. 轮流；顺序
turn down	phr. 调低；拒绝
turn off	phr. 关闭
turn on	phr. 打开
turn up	phr. 调高；出现
turning	n. 拐弯处；拐角处
twelfth	num. 第十二
twelve	num. 十二
twentieth	num. 第二十
twenty	num. 二十
twice	adv. 两次；两倍
twin	n. 双胞胎之一
two	num. 二
type	v. 打字；n. 种类；类型
typical	adj. 典型的；有代表性的
ugly	adj. 丑陋的；邪恶的；令人厌恶的
umbrella	n. 雨伞
unbelievable	adj. 难以置信的；不可信的
uncle	n. 叔；伯；舅；姑夫；姨父
under	adv./prep. 在......下面；向......下面
underground	adj. 地下的；n. 地铁
understand	v. 懂得；明白；理解
understanding	n. 领会；理解
unfair	adj. 不公平的；不公正的
uniform	n. 制服；adj. 统一的；一致的；相同的；v. 使穿制服；使成一样
unit	n. 单元；单位
universe	n. 宇宙
university	n. 大学
unless	conj. 如果不；除非
unlike	prep. 不像；和......不同
until	prep./conj. 直到......为止
unusual	adj. 不平常的；异常的
up	adv. 向上；在上方；prep. 向（高处）；向（在）......上（面）游
upon	prep. 在......上面
upset	n. 混乱；翻倒；颠覆；adj. 心烦的；混乱的；弄翻的；v. 使心烦；颠覆；扰乱
use	v. 使用；利用；n. 用法；用途
used	adj. 用过的；旧的；二手的
used to	phr. 过去常常
useful	adj. 有用的；有益的
useless	adj. 无用的
usual	adj. 通常的；平常的
usually	adv. 通常；经常
vacation	n. 假期；（房屋）搬出；v. 休假；度假
valuable	n. 贵重物品；adj. 有价值的；贵重的；可估价的
value	n. 值；价值；价格；v. 评价；重视；估价
variety	n. 多样；种类；杂耍
vegetable	n. 蔬菜
very	adv. 很；非常
victory	n. 胜利；成功；克服
video	n. 录像；视频
view	n. 观察；视野；意见；v. 观察；考虑；查看
village	n. 村庄；乡村
villager	n. 村民
violin	n. 小提琴
violinist	n. 小提琴演奏者；小提琴家
virus	n. 病毒；恶毒；毒害
visit	n./v. 参观；访问；拜访
visitor	n. 访问者；参观者
voice	n. 说话声； 语态
volleyball	n. 排球
volunteer	n. 志愿者；v. 自愿做
voyage	n. 航行；航程；旅行记；v. 飞过；渡过；航行
wait	v. 等；等候
wait for	phr. 等待
waiter	n. 服务员；侍者
waitress	n. 女服务员；女侍者；v. 做女服务生
wake	v. 醒来；叫醒
wake up	phr. 醒来；叫醒
walk	n./v. 步行；散步
wall	n. 墙壁；围墙；似墙之物；adj. 墙壁的；v. 用墙围住；围以墙
wallet	n. （放钱；证件等的）皮夹
want	v. 想；想要；需要；必要
war	n. 战争
warm	adj. 暖和的；温暖的；热情的
warmth	n. 温暖；热情；激动
warn	v. 警告；提醒；通知
wash	n. 洗涤；洗的衣服；化妆水；v. 洗涤；洗刷；冲走
washroom	n. 盥洗室
waste	n./v. 浪费
watch	v. 观看；注视；当心；注意；n. 手表；表
water	n. 水v. 浇水
watermelon	n. 西瓜
wave	n.（热、光、声等的）波；波浪；v. 挥手；挥动；波动
way	n. 路；路线；方式；手段
we	pron. 我们
weak	adj. 差的；弱的；淡的
wealth	n. 财富；大量；富有
wealthy	n. 富人；adj. 富有的；充分的；丰裕的
wear	v. 穿；戴
weather	n. 天气
website	n. 网站
wedding	n. 婚礼；婚宴；结婚；v. 与...结婚
week	n. 星期；周
weekday	n. 平日；工作日
weekend	n. 周末
weekly	n. 周刊；adj. 每周的；周刊的；一周一次的；adv. 每周一次；逐周
weigh	v. 称......的重量；重（若干）
weight	n. 重；重量
welcome	interj.n./v. 欢迎；adj. 受欢迎的
well	adv. 好；adj. 健康的；interj. 好吧；n. 井
west	adj. （在）西；向西；从西来的；adv. 在西方；向西方；n. 西部；西方
western	adj. 西方的；西部的
wet	adj. 湿的；潮的；多雨的
what	pron. 什么；怎么样；adj. 多么；何等；什么
what about	phr. ......怎么样
whatever	conj./pron. 无论什么；不管什么
wheat	n. 小麦
wheel	n. 轮；机轮
when	conj. 当......的时候；adv. 什么时候；何时
whenever	conj. 每当；无论何时
where	adv. 在哪里；往哪里
whether	conj. 是否
which	pron. 哪一个；哪些
while	conj. 在......的时候；和......同时；n. 一会儿；一段时间
whisper	n. 私语；谣传；飒飒的声音；v. 耳语；密谈；飒飒地响
white	adj. 白色的；n. 白色
who	pron. 谁
whole	adj. 整个的
whom	pron. （who的宾格 ）
whose	pron. 谁的
why	adv./interj. 为什么； 你难道不知道（表示反驳、不耐烦等）
wide	adj. 宽阔的
wife	n. 妻子
wild	n. 荒野；adj. 野生的；野蛮的；狂热的；adv. 疯狂地；胡乱地
will	modal v. 将；会；愿意；n. 意志
willing	adj. 乐意的；自愿的；心甘情愿的；v. 决心；用意志力驱使；将（财产等）遗赠某人
win	n. 获胜；赢得
wind	v. 缠；连带；蜿蜒；弯曲；n. 风
window	n. 窗户；计算机的窗
windy	adj. 有风的；多风的
wine	n. 酒
wing	n. 翼；翅膀；飞翔；v. 使飞；飞过；空运
winner	n. 获胜者
winter	n. 冬天；冬季
wise	adj. 明智的；聪明的；博学的；v. 使知道；教导；了解
wish	n. 愿望；祝愿；v. 希望；想要；祝愿
with	prep.关于；带有；以；和；用；有
without	prep. 没有
wolf	n. 狼
woman	n. 妇女；女人
wonder	v. 对......疑惑；感到惊奇；想知道；n. 惊讶；惊叹；奇迹
wonderful	adj. 美妙的；精彩的；了不起的；太好了
wood	n.木头；木材；（复）树木；森林
wooden	adj. 木制的；僵硬的；呆板的
wool	n. 羊毛；羊绒
word	n. 词；单词；话
work	n. 工作；劳动；事情；v. 工作；（机器、器官等）运转；活动
work out	phr. 算出；解决；锻炼
worker	n. 工人；工作者
world	n. 世界
worm	n. 软体虫；蠕虫（尤指蚯蚓）
worry	n./v. 烦恼；担忧；发怒；困扰
worse	adj. 更坏的；更差的
worst	adj. 最坏的；最差的
worth	adj. 有......的价值；值得......的
would	modal v. 将会；愿意；常用于礼貌请求
would like	phr. 想要
would rather	phr. 宁愿
wound	n. 伤口；创伤；v. 使受伤
write	v. 写；书写；写作
write down	phr. 写下；记下
writer	n. 作家；作者
wrong	adj. 错误；不正常；有毛病的
yard	n. 码；院子；场地
year	n. 年
yellow	adj. 黄色的
yes	adv. 是；好；同意
yesterday	n./adv. 昨天
yet	adv. 尚；还；仍然
you	pron. 你；你们
young	adj. 年轻的
your	pron. 你的；你们的
yours	pron. 你的；你们的
yourself	pron. 你自己
zebra	n. 斑马；adj. 有斑纹的
zero	n./num. 零；零度；零点
zoo	n. 动物园
